alpha,beta,gamma,objective_total_cost,obj_investment,obj_V_index,obj_Power_loss,pv_bus_1,pv_bus_2,pv_bus_3,pv_bus_4,pv_bus_5,pv_bus_6,pv_bus_7,pv_bus_8,pv_bus_9,pv_bus_10,pv_bus_11,pv_bus_12,pv_bus_13,pv_bus_14,pv_bus_15,pv_bus_16,pv_bus_17,pv_bus_18
0.0,0.0,100000.0,-0.017954904310581523,306295.7963910244,8.677911715292103,-1.7954904310581518e-7,4667.422200340798,4674.255794729046,4674.575236758825,4619.363662096648,9915.898373129565,9917.68808793903,9911.623638195533,9908.951693856689,4647.607303800813,4671.735129126643,4840.170298081722,4643.260695968357,5528.69448286519,5427.115425604853,6639.869769494652,7027.231134948074,4630.511359633337,4630.763536265172
0.0,5000.0,95000.0,39185.98481231499,484413.47348466446,7.83720037389461,-1.79549029656745e-7,9999.993630666948,9172.576422491435,9999.999333113463,9999.999896000758,10000.000068435646,10000.00005695828,10000.00000836579,9548.809294388166,9152.858432489722,9670.09059414399,9999.992514786996,9225.083351564235,9999.99986303155,9363.704749446388,9999.998771611365,9379.023204280926,9999.99876243781,9999.99911994032
0.0,10000.0,90000.0,78373.51564450479,480965.49168762646,7.837353180391777,-1.7954902553656546e-7,9999.997073401406,8373.208331543488,9999.9997367138,10000.000003368323,10000.000085048463,10000.000079611826,10000.000056594326,9548.793571666341,9208.437473057656,9669.781771586755,9999.996600819473,8870.063848051688,9999.999987751244,9328.293308501381,9999.999471018486,9264.288804960675,9999.999467362322,9999.999636053415
0.0,15000.0,85000.0,117558.03287670066,484413.4195722046,7.8372032092243336,-1.7954899600894943e-7,9999.998194359436,9172.504860625135,9999.999871264326,10000.000039157845,10000.000090586069,10000.000087163002,10000.000072670504,9548.75177950814,9152.800096467108,9670.178263104013,9999.997896804702,9225.091045081506,10000.000029324849,9363.710068149323,9999.999703974408,9379.076932856166,9999.999701672097,9999.999807885215
0.0,20000.0,80000.0,156744.0497996213,484413.7602633241,7.837203208176984,-1.795489762150305e-7,9999.998754840402,9172.618181547989,9999.999938539553,10000.0000570526,10000.000093354873,10000.000090938589,10000.00008070859,9548.752603575078,9152.829009844603,9670.18133703443,9999.99854480064,9225.088495140897,10000.000050111654,9363.70302490717,9999.999820452456,9379.062183987284,9999.999818827195,9999.999893801234
0.0,25000.0,75000.0,195933.81594846462,482255.2766315426,7.837353176585559,-1.7954898080759686e-7,9999.999091129626,9063.715496999277,9999.999978904676,10000.000067789451,10000.000095016154,10000.000093203942,10000.000085531443,9548.792151247555,9160.682650569146,9649.645843037208,9999.998933599385,9224.924948387637,10000.000062583738,9363.544097248174,9999.99989033931,8718.869372529985,9999.999889120323,9999.999945350884
0.0,30000.0,70000.0,235120.58271634617,483698.70462441654,7.8373531761591755,-1.7954896577998128e-7,9999.999315322675,9173.971182539282,10000.000005814756,10000.000074947353,10000.000096123675,10000.000094714178,10000.000088746678,9546.140192155362,9280.483314800507,9669.136822251605,9999.99919279887,9225.014225283701,10000.000070898463,9361.914989307938,9999.999936930559,8996.494331090915,9999.999935982432,9999.999979717331
0.0,35000.0,65000.0,274307.3494842291,483898.02999220096,7.837353175854567,-1.795489481453143e-7,9999.999475460696,8992.01043086395,10000.000025036237,10000.000080060137,10000.000096914762,10000.000095792917,10000.000091043274,9548.793744442095,9151.153835206242,9669.996112007577,9999.999377941587,9224.936097292257,10000.000076837552,9363.523293295822,9999.999970210029,9374.960409454754,9999.999969455383,10000.000004264803
0.0,40000.0,60000.0,313492.7426906887,484570.387229899,7.837318836590538,-1.7954888918269988e-7,9999.99959556428,9165.467532599832,10000.000039452349,10000.000083894727,10000.000097508077,10000.00009660197,10000.000092765722,9583.72881595362,9181.51944747651,9667.910221047754,9999.999516798749,9220.445225207717,10000.000081291868,9370.687303452114,9999.999995169632,9379.222718359586,9999.999994560103,10000.000022693599
0.0,45000.0,55000.00000000001,352680.8830199874,484407.57583417615,7.837353175448384,-1.79548901817299e-7,9999.999688978223,9172.61494106744,10000.000050664878,10000.000086877186,10000.000097969543,10000.000097231235,10000.000094105402,9548.793742794202,9151.153465992567,9669.987489859515,9999.999624798838,9224.92803649598,10000.000084756337,9363.517401325484,10000.00001458266,9378.99627568646,10000.000014086001,10000.000036994774
0.0,50000.0,50000.0,391860.15133480163,484413.8302625748,7.837203206244815,-1.7954876424125807e-7,9999.999763709402,9172.614951242324,10000.000059634902,10000.00008926315,10000.000098338718,10000.000097734646,10000.000095177147,9548.752537468123,9152.833977499457,9670.17901285951,9999.999711198956,9225.090807670485,10000.000087527911,9363.709284814666,10000.000030113082,9379.076659103113,10000.000029706722,10000.000048450265
0.0,55000.00000000001,44999.99999999999,431054.416566657,484407.51356663747,7.837353175306217,-1.7944859700411417e-7,9999.999763709402,9172.603390442197,10000.000059634902,10000.00008926315,10000.000098338718,10000.000097734646,10000.000095177147,9548.793776673103,9151.148741308234,9669.98998423418,9999.999711198956,9224.925495410747,10000.000087527911,9363.513015061997,10000.000030113082,9378.994169578964,10000.000029706722,10000.000048450265
0.0,60000.0,40000.0,470241.18334544176,484407.5558774035,7.837353175306224,-1.793232405922833e-7,9999.999763709402,9172.616644968415,10000.000059634902,10000.00008926315,10000.000098338718,10000.000097734646,10000.000095177147,9548.793525763367,9151.149373011245,9669.98969715821,9999.999711198956,9224.926081488711,10000.000087527911,9363.513816924897,10000.000030113082,9378.99476338225,10000.000029706722,10000.000048450265
0.0,65000.0,35000.0,509418.2021351331,482884.1605101667,7.837203206242944,-1.7916167658240296e-7,9999.999763709402,8615.82487433924,10000.000059634902,10000.00008926315,10000.000098338718,10000.000097734646,10000.000095177147,9548.752566329053,9152.797528488192,9674.71110079689,9999.999711198956,9225.088440227366,10000.000087527911,9363.229224452778,10000.000030113082,9377.625324861874,10000.000029706722,10000.000048450265
0.0,70000.0,30000.000000000004,548633.285847309,481969.24601176893,7.837618445938927,-1.7894728373753897e-7,9999.9997637094,8329.033670361772,10000.0000596349,10000.00008926315,10000.000098338718,10000.000097734646,10000.000095177147,9548.793729141196,9151.148517497437,9630.129651313813,9999.999711198956,9224.925332069395,10000.000087527911,9363.512102667459,10000.000030113082,9378.995296155232,10000.000029706722,10000.000048450265
0.0,75000.0,25000.0,587790.2360019274,484393.78917087236,7.8372032062407015,-1.7864501316520575e-7,9999.999763709402,8911.947292777937,10000.000059634902,10000.00008926315,10000.000098338718,10000.000097734646,10000.000095177147,9552.34348973002,9153.131583512195,9668.737519150285,9999.999711198956,9225.340683256527,10000.000087527911,9363.473237712591,10000.000030113082,9630.022159408549,10000.000029706722,10000.000048450265
0.0,80000.0,19999.999999999996,626976.25293539,484406.83730054705,7.83720320624051,-1.781923222058609e-7,9999.999763709402,9170.186570141837,10000.000059634902,10000.00008926315,10000.000098338718,10000.000097734646,10000.000095177147,9548.752803007674,9152.829350566171,9670.181880833577,9999.999711198956,9225.08850651185,10000.000087527911,9363.70478553324,10000.000030113082,9378.979652169235,10000.000029706722,10000.000048450265
0.0,85000.0,15000.000000000002,666175.0172393869,483677.79552237544,7.837353175305601,-1.77439613137993e-7,9999.999763709402,8939.597284300675,10000.000059634902,10000.00008926315,10000.000098338718,10000.000097734646,10000.000095177147,9548.772301374222,9126.435991490083,9665.216991518018,9999.999711198956,9224.941797081388,10000.000087527911,9361.61192490531,10000.000030113082,9379.001686292606,10000.000029706722,10000.000048450265
0.0,90000.0,9999.999999999998,705348.2868023219,484413.82502546563,7.837203206238711,-1.7591624034991084e-7,9999.999763709402,9172.613059113526,10000.000059634902,10000.00008926315,10000.000098338718,10000.000097734646,10000.000095177147,9548.752537184313,9152.833978366358,9670.179012405933,9999.999711198956,9225.09080386965,10000.000087527911,9363.70928606199,10000.000030113082,9379.076656152603,10000.000029706722,10000.000048450265
0.0,95000.0,5000.000000000005,744534.3037356772,484412.39599174523,7.837203206228795,-1.7121086210465628e-7,9999.999763709402,9172.094322998237,10000.000059634902,10000.00008926315,10000.000098338718,10000.000097734646,10000.000095177147,9548.752492610427,9152.834636267342,9670.177840490078,9999.999711198958,9225.091222161314,10000.000087527911,9363.710088429805,10000.000030113082,9379.076964356478,10000.000029706722,10000.000048450265
0.0,100000.0,0.0,783160.4616643277,472824.4786117156,7.831604616643277,3.279715899771981,9151.102455124055,9151.081540255991,9161.726072453583,10000.000013059775,10000.00008766008,9999.999961912023,9165.272349251945,9566.130526571016,9238.470990906759,9681.602765019765,9328.159112533807,9209.564378141455,9659.117837668093,9265.067139726101,9526.759742628967,9209.161849389364,10000.000025489946,10000.000040510075
0.05,0.0,95000.0,14606.43519541374,292129.0450386764,8.804064695420225,-1.7954231653534644e-7,0.006114001448849468,4722.4454124955655,10000.000008997398,10000.00005423716,10000.000077373572,10000.00007173192,10000.00000046595,9999.99995053278,4690.409573655607,8317.295222655437,2825.766396614948,1859.8372738506262,7511.774776231815,4683.502862920673,9372.805864256678,1860.011007803122,0.0011416392671971206,0.0010886071777941977
0.05,5000.0,89999.99999999999,54279.03477499585,299469.37152111856,7.861116476797761,-1.7983387467814973e-7,17.111404600695593,1105.3149556046285,10000.000025043459,10000.000076211123,10000.000093013181,10000.000089855575,9999.999782342005,6867.933027335673,3270.584349287192,5955.639968612147,2147.12224513659,1556.2619390063624,6733.356915475174,3788.2647517554674,8438.86031147008,1776.9214569336739,6846.024176395749,9999.999910587358
0.05,10000.0,85000.0,93553.28205634713,300729.2162666157,7.851683650405349,-1.7954161729539265e-7,0.01090969612249267,5311.518189146567,10000.000011457214,10000.000062076233,10000.000089802314,10000.000086132428,10000.000051467792,6606.44479499111,2392.380751818285,2801.3998452158107,2413.9612698868136,1653.8472111008468,6764.004176730186,3455.8130345820964,8295.157222500231,1924.1587326264078,7341.164780321333,9999.999746613345
0.05,15000.0,80000.0,132805.92054591258,301222.1959855702,7.849655007327775,-1.795410259533387e-7,0.01339196174206052,8164.977147373073,10000.000041705318,10000.00007316224,10000.000093114488,10000.000090803213,10000.000074922911,6196.312157854693,1228.654117463652,1395.6864390366554,2054.633242131027,1645.6269900431564,7001.177029842033,3417.7335003081143,8716.26236464602,1921.8502992757028,7395.549949395484,9999.999803326471
0.05,20000.0,75000.0,172047.7232735878,301658.86484922783,7.848239674832577,-1.7954032261623416e-7,0.007739267375230436,9812.660769811151,10000.000059050368,10000.000080257498,10000.000094981395,10000.00009335678,10000.00008384127,5970.607355281706,214.45250948008945,559.7613236208867,1702.069536962646,1693.442733192681,7216.4895352025715,3533.27860035772,8880.345885041725,1923.2315484270814,7790.342382555228,9999.999832075537
0.05,25000.0,70000.0,211288.28617057318,301813.22480005346,7.847905499933603,-1.795395474390872e-7,0.003946729464764632,9442.101568615068,10000.000068776959,10000.00008458894,10000.000096185691,10000.000094986219,10000.000088604002,5938.935421846968,209.3562621295804,644.6800366313281,1656.5021750890062,1655.330735675839,7255.403513874417,3583.0622714767524,8923.830943868868,1925.43999450065,8117.970492512746,9999.99988508632
0.05,30000.0,64999.99999999999,250529.9724291464,302069.68695486005,7.847549991713866,-1.7953867252699863e-7,0.002593938008659309,9411.28517846083,10000.000075543354,10000.00008772797,10000.000097007442,10000.000096081922,10000.000091462673,5907.564251853265,5.313961432372877,464.28601576315236,1601.6646770612056,1660.3742727708639,7294.122814567924,3664.7529382448215,9000.390474559128,1927.9944330390276,8507.786774636987,9999.999917609934
0.05,35000.0,60000.0,289766.8188585123,302307.3602449932,7.847184617671909,-1.7953758258095067e-7,0.0017936506791908374,9081.57465918702,10000.000080487258,10000.000090092479,10000.000097621356,10000.000096897873,10000.000093451843,5876.794770191044,5.31392623671604,464.2860092443965,1476.0577063359833,1697.8331081591755,7364.378428806984,3716.888818307932,9051.326937709064,1930.9381986758817,8866.257498121015,9999.999949502
0.05,40000.0,54999.99999999999,329012.456834011,302573.73296820506,7.847094501908696,-1.7983174905627992e-7,0.0004501374957318084,8760.456630294662,10000.000094285817,10000.000097073489,10000.00009930648,10000.000099098314,10000.00009814102,5846.955204267127,5.313884780813751,464.28607944963017,1342.1374635275702,1748.8805329098586,7443.1742529894145,3765.3052326721295,9099.180549316685,1933.924359291994,9218.548936662575,10000.000054709799
0.05,45000.0,49999.99999999999,368235.1381583714,302861.7481074732,7.846490216216172,-1.7953458393151704e-7,0.0009868932805162831,8443.217354653278,10000.000087194308,10000.000093399534,10000.000098452741,10000.000097992808,10000.000095934702,5818.2734503961465,5.31389851604825,464.28598745725964,1257.895893044578,1786.2794110249959,7501.486907626608,3814.146748785807,9147.2321142659,1936.9277495115014,9557.456459188112,9999.999995906292
0.05,50000.0,44999.99999999999,407461.5201879838,303147.02251003816,7.846083542782051,-1.7948040198573662e-7,0.0008625312232577289,7974.998953752281,10000.000088346405,10000.000093965877,10000.000098600629,10000.000098186594,10000.000096373655,5791.643863508073,163.82744986465696,468.4224592588339,1266.1380335390459,1778.945730313396,7509.115260097994,3869.927128212387,9200.10333237097,1939.7488702000176,9873.005299306427,10000.000002599856
0.05,55000.00000000001,39999.99999999999,446697.05877343134,303388.489019554,7.845957118119661,-1.7935319530492236e-7,0.000908475752578948,8004.774029234649,10000.000087979306,10000.00009377546,10000.000098578916,10000.000098156353,10000.000096338195,5771.862615131361,5.31389264856354,464.2859873600933,1279.6414978080159,1772.8861980251313,7553.423298131646,3896.736811443123,9231.263988120714,1943.1759041141856,9999.999942620767,10000.000038852682
0.05,60000.0,35000.0,485926.43046032835,303580.51727064536,7.8457901811388275,-1.7918672137450503e-7,0.0009941503593006867,7977.116207093356,10000.000087504382,10000.000093543422,10000.000098552708,10000.0000981188,10000.00009627922,5755.9106796575925,5.313891692976351,464.28600789481595,1299.5404502421263,1768.9327716223656,7618.859659421835,3906.3034606353244,9249.707095756838,1946.9692509571782,10000.000036085847,10000.000060879749
0.05,65000.0,29999.999999999993,525154.9604519366,303791.4132363522,7.8456214639828765,-1.789588821783121e-7,0.0010777022000113823,7949.386694486438,10000.000087076653,10000.000093335811,10000.000098530847,10000.000098087396,10000.000096231523,5740.028538313142,5.313890959576293,464.2860192116834,1325.41165411556,1765.8854313658594,7684.322418399926,3915.837655478759,9268.126512765393,1950.752128605256,10000.000057263325,10000.000069937418
0.05,70000.0,25000.0,564375.4519573171,304009.3619410926,7.845356976396928,-1.7950080270471874e-7,0.0003994222171976614,7753.634121589267,10000.000095172496,10000.000097515383,10000.000099460744,10000.000099297175,10000.000098620387,5724.1193523724005,163.82975899594695,468.42926969082384,1358.5047459125442,1765.373243061833,7748.295597510966,3925.2171820751264,9286.412512221776,1954.5026922053787,10000.000087870001,10000.000090879686
0.05,75000.0,19999.999999999996,603609.5551129135,304226.0598986231,7.8453100757255845,-1.780719275633793e-7,0.0012456736781004628,7869.522745254208,10000.000086299677,10000.000092967874,10000.000098497196,10000.000098039072,10000.000096162592,5709.164946598692,5.313889911622017,464.2860312405777,1413.83687279736,1776.7688484855894,7789.074033608078,3934.9312033448045,9305.51611880715,1958.4167393878909,10000.000071663484,10000.000077863018
0.05,80000.0,14999.99999999999,642835.6981673121,304465.18694802065,7.845155518176601,-1.756145048515393e-7,0.0013173490538820087,7810.99822498604,10000.000085980275,10000.000092819848,10000.00009850369,10000.00009804049,10000.00009616051,5693.583286753727,5.313889526467842,464.28602525889795,1483.1890974465218,1789.925342064103,7835.312420004539,3944.252339691009,9324.341587775432,1962.269374451624,10000.000075034555,10000.000080044756
0.05,85000.0,9999.999999999998,681899.5633999018,293897.47972035804,7.844246818191056,0.04437098676480027,0.004009322426530135,3499.0816614126793,10000.00008285636,10000.00009146592,10000.000098319277,10000.000097771283,10000.000095545118,5632.362735551707,163.82972883040733,468.4293200465006,1265.209361046915,2060.344307111487,8217.665319443626,3928.668142840331,9292.727126936134,1956.271741703742,10000.0000901383,10000.000091236818
0.05,90000.0,4999.999999999994,719606.0824585308,224166.25331514407,7.8350412826356,0.6488108711131393,0.0003115013016974881,0.00022504164727744515,20.315903817584072,5215.213441540924,10000.000094669787,10000.000087951283,6886.667200591346,5120.789587391463,5.313876723695004,464.28604697992563,1915.1068739826642,1792.232627987666,7304.001384626567,3006.4801968789407,7807.929399451862,1681.3195862244597,10000.000072905981,10000.000079973534
0.05,95000.0,0.0,751766.9917292901,152195.33277621478,7.833233948320838,4.316906758972488,0.00010971402498348113,0.00010892704184908206,2.9076882569363423,2205.7466797269476,10000.000091764585,10000.00007162692,2281.8839466675277,3046.983628378541,2.368869735779576,152.40593799377552,280.9499786700626,857.2695254666086,3610.4238319153196,1126.4241719437202,3777.5502648278584,856.6451703981654,6941.676438442931,9999.999998664553
0.1,0.0,90000.0,29212.916927579525,292129.33085463464,8.868700697164915,-1.7953204363963473e-7,0.006083192630644682,4720.578255278704,10000.00005689463,10000.000078323403,10000.000089282481,10000.000086610198,10000.00005285433,10000.000029203775,4690.4107704211565,8316.876287884674,2825.766497546098,1859.8374525347533,7511.777038127661,4683.50387341924,9372.81094338565,1860.0085263061023,0.9695882035246748,1.4147451087671046
0.1,5000.0,85000.0,69157.28346116141,296281.1626723949,7.905836490820242,-1.7953152432749723e-7,17.11297907076419,1951.9416318716615,10000.000003162791,10000.000068093987,10000.000088375707,10000.0000835405,9723.584269624262,7951.4139215871755,3442.6310488478716,6373.898909621193,2372.3435012067275,1585.910120734647,6426.287218242015,4261.681497757242,8732.521119087443,1891.5244454526987,2617.39716658947,9999.99927220445
0.1,10000.0,80000.0,108558.08756582726,299469.3716973609,7.861116475848942,-1.795299742385623e-7,17.11205911940252,1105.3133738597298,10000.00000817016,10000.000070856053,10000.000091440392,10000.000087571983,9999.999710836897,6867.933629623913,3270.584462490626,5955.636201331635,2147.1251642505213,1556.2618276000235,6733.3576579415485,3788.264053243299,8438.860305704346,1776.9215309740148,6846.025439557461,9999.99986795006
0.1,15000.0,75000.0,147844.27022911754,300449.791895422,7.853286966945621,-1.795281094721516e-7,0.0044079451147444595,3587.3921636376363,10000.000050126091,10000.00007993538,10000.00009441516,10000.000092293878,10000.000064198424,6810.4238580557285,2971.9833529518437,4248.531998251841,2317.406801705849,1654.9518240728285,6570.457251394625,3471.1377313418743,8259.04776087316,1742.0555456110576,7225.2272455406555,9999.999929613337
0.1,20000.0,70000.0,187103.58262030905,300729.2168088254,7.851533675311716,-1.795258079806097e-7,0.004460058335558594,5311.524892775117,10000.000063541213,10000.000084384332,10000.000095800955,10000.000094289826,10000.000080016174,6606.444810346505,2392.380285170017,2801.3928181008678,2413.9646854618395,1653.848660570739,6764.005607540988,3455.8134956880017,8295.15546229315,1924.1593775969318,7341.166234494945,9999.999954487977
0.1,25000.0,65000.0,226361.65624127534,300990.8098484182,7.850503477017179,-1.7952303057177756e-7,0.004218806725458368,6779.086379586144,10000.000072231305,10000.00008758551,10000.000096740823,10000.000095613093,10000.000086824102,6413.881275605109,1811.3293119707912,1842.3438122433172,2349.540650353784,1651.9518518507182,6921.144811827383,3435.1427490968476,8496.370501170713,1922.8770539364652,7430.96822088149,9999.999973102567
0.1,30000.0,60000.00000000001,265611.85898121854,301222.1960554044,7.849655004894874,-1.795194814955497e-7,0.004985268475733895,8164.989221209079,10000.00007813949,10000.000089935838,10000.000097417933,10000.000096551204,10000.00009059609,6196.310756965589,1228.6526897739932,1395.685984552131,2054.6337431720967,1645.6273210935622,7001.177223979827,3417.733210379048,8716.262428010721,1921.8502293862246,7395.54859648951,9999.999988747448
0.1,35000.0,55000.00000000001,304853.1018649181,301445.88704541733,7.84881494381964,-1.7951474606768146e-7,0.003654525688194684,9143.173730216973,10000.00008281637,10000.000091916727,10000.00009792677,10000.000097262648,10000.000092962528,6063.693698062217,646.4264258982923,991.2634370647149,1815.2624953831873,1665.614589188719,7120.187854926229,3466.2258130125892,8817.980767000563,1922.1858963828906,7567.50546756973,9999.999999701036
0.1,40000.0,50000.0,344101.5468727125,301683.260820425,7.848330744543862,-1.7982164411680077e-7,0.0009093404633678995,9993.196584414827,10000.000095052452,10000.000097614278,10000.000099393048,10000.000099196503,10000.000098045253,5970.434550010559,64.18916160075352,503.246952611869,1696.930217311374,1700.3115678907545,7224.560726534439,3538.1434621116246,8884.327432280515,1923.16148165121,7807.025680355191,10000.000067347593
0.1,45000.0,45000.0,383336.59390260326,301723.6469314704,7.848094161931633,-1.7949924930672396e-7,0.0015932588675532694,9620.554147719484,10000.00008892927,10000.000094595529,10000.0000986467,10000.000098215161,10000.000095817742,5955.031177306275,209.35688341810643,644.6819052345973,1671.5311910467408,1667.1254282856075,7232.678394283315,3556.595760382884,8900.89546547814,1923.8921816845686,7937.817301436159,10000.000025953048
0.1,50000.0,40000.0,422582.6289949158,301866.8209096777,7.84791908156377,-1.793560225322056e-7,0.0014355089957892927,9762.825924561128,10000.000088819754,10000.000094484714,10000.000098630635,10000.000098197714,10000.000095890948,5939.364170982043,5.313942341640751,464.28609380029746,1640.673649440075,1672.21573583652,7268.612198111048,3604.13633731415,8942.025838820504,1925.3607586881667,8147.2199790937775,10000.00002095532
0.1,55000.00000000001,35000.0,461815.3887691738,301952.3002903461,7.847639363823923,-1.7914784804176845e-7,0.0012754751496233975,9422.07884572924,10000.000088761319,10000.000094404064,10000.000098623803,10000.000098193817,10000.000095982969,5923.377993984929,163.82985551714648,468.42978056415336,1622.655722428029,1662.650427438477,7279.087183449891,3635.263031126335,8972.10248398024,1926.5452604502195,8326.98499721423,10000.000018250648
0.1,60000.0,30000.000000000004,501059.96278014214,302069.6869213458,7.847549990851772,-1.787699776759862e-7,0.0011629372905669123,9411.286704784892,10000.000088712317,10000.000094335986,10000.000098618819,10000.000098191655,10000.000096059695,5907.564201403046,5.313912769925223,464.286073455915,1601.6648375714258,1660.3737701020964,7294.122007951083,3664.753357113872,9000.390896857023,1927.9943432661926,8507.7869796669,10000.000015819915
0.1,65000.0,25000.0,540251.2199709659,294420.96836324554,7.84621724114473,0.032200098409265895,0.001131575040754919,4775.345701455815,10000.000086116766,10000.0000932887,10000.00009848018,10000.000097979713,10000.000095470634,5838.282321001966,163.82978275294766,468.4294654660789,1591.9739405414493,1638.8171092258178,7388.671625004399,3830.662064415347,9117.867107700704,1922.3858022440697,9937.99735903942,10000.00001796758
0.1,70000.0,20000.000000000007,579276.0108527433,291237.91030798503,7.846303579131472,0.04554846413716698,0.001860052462897473,3552.9937807018796,10000.00008413455,10000.000092503693,10000.000098372426,10000.000097821447,10000.000095064808,5824.849490219358,163.8297658550534,468.4294205204887,1595.428079952022,1594.0231598878327,7480.046656449914,3829.124766114866,9096.510573082853,1915.7438155308425,10000.000076925517,10000.00008245677
0.1,75000.0,15000.000000000002,618271.0766291586,289283.43194582587,7.845883876306826,0.060096180771255475,0.0026863913503072886,2917.6920052346863,10000.00008252838,10000.000091875312,10000.000098306797,10000.000097722937,10000.000094833451,5805.964142522728,163.8297599117807,468.42939239986873,1469.94041983842,1673.4734762471878,7548.542407552207,3806.352138360404,9051.715055123066,1906.8955391760799,10000.000085486263,10000.000088020211
0.1,80000.0,9999.999999999998,655665.8497977516,216931.66602482004,7.835917833537336,0.7099256512280219,0.0005490925015394225,0.00032826514863557835,3.9218602334507113,4433.747077147512,10000.000095945707,10000.000092076409,8734.185532591251,4462.921360470747,118.52263834040102,522.1267727007246,588.0168283054414,1742.2988666138713,6773.117686765279,2639.4808175773433,7051.741055788761,1528.3479744992972,10000.000090619016,10000.000092104832
0.1,85000.0,5000.000000000005,690546.4936526233,179228.73097002317,7.836113130512022,1.3108008924197843,0.00013931706003386232,0.0001212723838988145,4.025177564571047,2341.296404203032,10000.000094715408,10000.000087792283,4196.449879845928,4816.381579510015,5.313971285036927,411.3814183757047,384.2535344278193,955.8183368526205,4690.193517249545,1472.112664845866,5321.939203256848,1229.4373735920035,9109.342462337165,10000.000037188294
0.1,90000.0,0.0,720181.9523773582,151332.27320690066,7.833874722851869,4.358473046457508,9.773945344534522e-5,0.00010085246582033645,2.9077863881960275,1766.9822632886915,10000.000092738781,10000.000075823405,2594.494134556699,2988.6615772875066,2.36883074389485,113.98299365573074,116.38441847395222,800.2254664811,3637.1831059075844,1174.010452019268,3937.5221850317357,893.5034967481117,6802.3066663366135,10000.000026542994
0.15,0.0,85000.0,43819.530529139905,292130.30525240395,8.857397994458632,-1.7951436431506595e-7,0.0034235523339243876,4714.2542836394,10000.00007286199,10000.000086352922,10000.000093252498,10000.000091570118,10000.000070320071,10000.000055433286,4690.41497431365,8315.454514400297,2825.7691306368292,1859.8387530046793,7511.783589392374,4683.507847682522,9372.819058980607,1860.0087366139455,3.3943210950225797,7.064394145265538
0.15,5000.0,80000.0,83948.52379269061,295457.3278581096,7.925987795012626,-1.795136087179633e-7,17.11099678318075,2025.5103546817058,10000.00003959799,10000.00007950647,10000.00009193946,10000.000088815292,9406.34773419218,8410.662811816075,3837.1962600628362,7124.402025668349,2506.1795121232803,1664.9152756690003,6679.383072412179,4218.690286543275,8454.961199907817,1689.2666224455868,1015.1314111098146,9999.998607055073
0.15,10000.0,75000.0,123479.34672546046,297243.80025002407,7.889279015108054,-1.7950832340891e-7,0.002511225068808701,1407.604619059467,10000.000049732167,10000.000082030338,10000.00009370572,10000.000090969867,9922.352095021166,7513.926429052769,3338.9719393748046,6359.442847352611,2281.4458750003673,1566.2877099949667,6473.513373262119,4203.541078836766,8709.810599090248,1827.194582693186,4092.935270593663,9999.999829100383
0.15,15000.0,70000.0,162837.11159335193,299469.3545842952,7.861114731392604,-1.7950257132027393e-7,0.002348517955683823,1119.0431041481506,10000.000046380033,10000.00008299294,10000.000095005307,10000.000092747267,9999.999871075244,6867.257782856609,3269.6609316237523,5963.54785168097,2142.0740167603567,1556.6722928549516,6732.265021779049,3789.4531600618166,8438.73012306667,1776.8924153096023,6847.790140747963,9999.999964527302
0.15,20000.0,64999.99999999999,202127.83423867784,300107.96209517214,7.855582579578156,-1.7949480328085456e-7,0.0023753043379887142,2767.446180978698,10000.000067046574,10000.000087304667,10000.000096382184,10000.000094932455,10000.000069326248,6813.5259520410955,3156.767067202176,4890.9040088942365,2322.291478493674,1614.9052487064846,6575.543031639389,3523.818085169642,8294.117914167431,1748.1733246656895,7027.273799939784,9999.99999286761
0.15,25000.0,60000.0,241395.16540521313,300538.125620455,7.852578293247504,-1.7948405052083957e-7,0.002260746491825036,4145.598714435499,10000.000075714828,10000.000089983552,10000.000097252963,10000.000096234025,10000.000084577106,6749.008216227938,2779.0163278261634,3735.5076932769803,2353.1180902629762,1660.1480191053681,6647.945781790975,3465.3644406897342,8313.029019385398,1760.0555070892392,7281.830697904887,10000.000012298424
0.15,30000.0,55000.00000000001,280659.8819468436,300729.21697802935,7.8516836423622,-1.7946775854569682e-7,0.002299370390730499,5311.527144137433,10000.00008090254,10000.000091820364,10000.0000978005,10000.000097008957,10000.000089532286,6606.444814143676,2392.3801234378197,2801.390468602011,2413.9658248965698,1653.8491451896853,6764.00608571183,3455.8136496671455,8295.154874966816,1924.1595924143573,7341.166720541852,10000.00002377944
0.15,35000.0,50000.0,319915.8808432112,300925.78384501266,7.850772063956249,-1.7944017088603323e-7,0.0019925798870764054,6328.595635765728,10000.000084901254,10000.000093328475,10000.000098231658,10000.000097612265,10000.000092515227,6488.817162062274,2005.3863246678989,1955.893640526942,2463.234524939537,1659.6362447017564,6885.5466444781505,3440.8890235585077,8432.572032756098,1922.953841365435,7447.553535509586,10000.000033764807
0.15,40000.0,44999.99999999999,359162.3372181157,301077.2501335541,7.850018944257754,-1.793828183374532e-7,0.002002995078277894,7230.380125399628,10000.000087912165,10000.000094533832,10000.00009857036,10000.000098079856,10000.000094427198,6351.478379677833,1617.4265075641792,1656.4453126027656,2229.8226730218316,1653.9453084828876,6965.0383567822155,3426.7858696456738,8576.126523072482,1922.2040920070847,7456.304526424059,10000.00004211758
0.15,45000.0,40000.0,398417.79742202396,301222.1959781466,7.849655004165664,-1.7905388702734426e-7,0.0024562616457460577,8164.992837247773,10000.000089069745,10000.000094967918,10000.000098708966,10000.000098275601,10000.000095298044,6196.310326097871,1228.6522601036206,1395.685845256709,2054.6338940221344,1645.6274195266888,7001.177280673705,3417.7331230787736,8716.262445000251,1921.8502071247399,7395.548188588411,10000.000044373726
0.15,50000.0,35000.0,437564.6997743875,292085.2942158583,7.847702659358601,0.03905064783084841,0.003441444091031378,4428.615874153493,10000.000080064814,10000.00009237275,10000.000098369912,10000.000097721533,10000.000092542055,5923.336388642852,509.01571142660964,982.4086886770349,1880.1372086802567,1520.0873748164768,7187.434697632217,3642.7919070395355,8931.237630079091,1910.7489527787825,8912.186769754879,10000.000044476894
0.15,55000.00000000001,29999.999999999993,476577.7309179023,290318.7566986935,7.847362514822041,0.047499303262820876,0.00226663249522538,3874.7704493040424,10000.000080820406,10000.000092380893,10000.000098364033,10000.000097736927,10000.00009316293,5901.520977283841,209.35694268426406,644.6818938089609,1793.1498038581146,1388.7901844106152,7202.758735776105,3785.85332897718,9028.356982003123,1903.830847458608,9454.882407170602,10000.00004378044
0.15,60000.0,25000.0,515579.7656268218,289965.69842278736,7.847517103883769,0.04935538521515464,0.0019530109986342517,4147.554278028182,10000.000082660556,10000.000092713437,10000.000098384462,10000.000097787562,10000.000093791221,5896.341635060003,5.313963392984953,464.2860924739679,1715.781883578121,1433.3666755093302,7216.085677447324,3735.980434591177,8937.914646190873,1900.1758824425679,9607.232034175791,10000.000039191653
0.15,65000.0,19999.999999999996,554534.8984978944,283054.29732694203,7.845394221584932,0.10630647479185601,0.0142624090865288,1221.3420438143341,10000.000060861774,10000.000088270817,10000.000098042816,10000.000097194252,10000.000090612046,5830.551102669433,177.31867006947493,520.8741368344749,1697.6737692824902,1506.054407617338,7237.851723433769,3671.1965707425966,8829.068621403614,1863.9589148388895,10000.00008318427,10000.0000873207
0.15,70000.0,15000.000000000002,591696.8061608736,215064.95606836962,7.836527563764962,0.7253422191379094,0.0007003925011607833,0.00043169277811802543,19.482712027297772,4396.428059747052,10000.000096912254,10000.00009450495,9420.639633098848,4259.869396262214,5.313881798259573,462.0719899949983,397.063421100742,1690.7508072002763,6426.861105340667,2537.5694768555,6824.5112449053195,1481.5222949125396,10000.00009191908,10000.000093352704
0.15,75000.0,9999.999999999998,626862.9255195736,200363.61986621062,7.837733791964928,0.8978348142272836,0.00034741697942084355,0.00024219970698125936,3.921810210749759,4548.572550297536,10000.000096192358,10000.000092722326,7208.730346833383,3937.9786785162314,54.434717473442014,277.33037699698923,389.57028251762017,1044.0251893492164,5199.447495307792,2344.8238355114654,6231.736047217731,1354.9421530392783,10000.000090345762,10000.00009213065
0.15,80000.0,4999.999999999994,659657.0031345366,158559.53760534688,7.835028870366357,1.814152572885735,0.00013138767670901655,0.00011512126473263712,4.023606790208153,2116.83807683157,10000.00009380746,10000.000079297282,308.36493163649675,6065.384724354046,5.314809367885176,161.01521749141443,407.21320050978267,811.6120312321453,3406.4392026237065,1168.100558741964,4404.618923107447,1030.9930910261328,7559.188985342324,10000.000049355423
0.15,85000.0,0.0,688569.9266231658,151014.8009380436,7.8343259586171685,4.371825417907297,9.238360434402724e-5,9.984992816100807e-5,2.9077844073679087,1554.8179928471359,10000.000093642535,10000.00007965614,2780.0930959981574,2959.9959532496814,2.3688321607763076,94.66872067987373,93.10904357076701,754.4827744268304,3623.576016716934,1204.9885933219734,4037.1373155358133,916.0361712934863,6691.324885395819,10000.000041110869
0.2,0.0,80000.0,58425.851791919864,292129.3307502919,8.850087936570317,-1.7947672655358857e-7,0.0026555722034179805,4720.5817876867595,10000.000080842054,10000.000090365955,10000.000095236657,10000.000094048977,10000.00007904637,10000.00006853501,4690.410904977933,8316.877624133695,2825.7661022287407,1859.8373842472809,7511.777191965328,4683.503742074735,9372.812365565847,1860.0070390401925,0.9379905661899617,1.445120638497675
0.2,5000.0,75000.0,98692.76583929123,294430.1933770657,7.961348124860973,-1.7947236406000144e-7,0.001981641306675625,2389.8467301896,10000.000059135367,10000.000085548752,10000.000094167719,10000.00009205473,9616.7429294407,8634.082502217758,4036.413176592034,7629.969642374546,2304.205706819796,1711.711466688339,6885.942730762424,4327.560631436011,8668.177152332335,1725.3264791695824,202.74946689415088,8544.875368573144
0.2,10000.0,70000.0,138316.08450797922,296281.1635062895,7.905986436860068,-1.7945540242562343e-7,17.110342681899937,1951.942947484452,10000.000060125833,10000.000086862226,10000.000095213527,10000.000093222558,9723.584340816893,7951.413712860308,3442.6312329998705,6373.896852251501,2372.344086591383,1585.9093033137115,6426.287322676078,4261.682106186886,8732.52203543428,1891.5239412153944,2617.3993281257067,9999.999759143839
0.2,15000.000000000002,65000.0,177780.60705144337,297995.9867842061,7.878761423829066,-1.7942823112639757e-7,0.0013787857817736423,823.6852214549572,10000.000065689332,10000.000088133938,10000.000096055523,10000.000094297322,9901.921302456976,7345.888323288096,3427.003098453705,6312.445111562802,2238.943607093201,1510.816176905149,6733.95932105863,4032.077650756056,8608.566508807407,1809.6859190877956,5224.566497486349,9999.99996768718
0.2,20000.0,60000.00000000001,217116.15475470468,299469.3531313506,7.861114744560375,-1.7937955543995112e-7,0.0014817750224570367,1119.0575489476569,10000.00006552984,10000.000089066865,10000.000096809696,10000.00009537847,9999.999952827146,6867.253015651665,3269.657821436735,5963.571848567657,2142.054079765567,1556.6727133602742,6732.260267186458,3789.4580464679984,8438.729844270138,1776.8922636808613,6847.7795720746,10000.000012910072
0.2,25000.0,55000.00000000001,256414.01197033227,299971.31042557483,7.856790389789173,-1.7926385586497706e-7,0.0012199624767701381,2317.8736162344426,10000.000077227136,10000.000091576594,10000.000097582017,10000.000096592146,10000.000075895523,6855.4584865462575,3153.585384600242,5134.293291388661,2331.7851842154696,1590.449504898571,6595.445498617326,3561.573352001906,8323.672758660343,1754.1156678019277,7067.002967479531,10000.00002929006
0.2,30000.000000000004,50000.0,295682.2237884112,298742.3306070845,7.852840863367148,0.006970635319646198,0.0005491812867318208,3227.2796241939573,10000.000093135232,10000.000097376082,10000.000099293857,10000.00009901458,10000.000094818311,6544.227305257581,2964.2816399817616,4228.943454462579,2317.9705176500916,1645.036920110689,6559.127541283946,3483.247019313976,8278.585978667288,1746.2330454070698,7245.040698685409,10000.000079805644
0.2,35000.0,45000.0,334806.8106957891,290657.3934897766,7.851421703724488,0.0416793859439411,0.03150774162119237,1572.2742451566319,9999.999997151774,10000.000087605102,10000.000097756727,10000.000096541211,9799.981097770135,6045.752071263177,2410.2129793687045,3228.399091028796,2410.9143120259505,1448.9951546778161,6302.414668898761,3643.1260214755443,8622.21791608237,1909.9754397339766,7916.354973594678,10000.000057263473
0.2,40000.0,40000.0,373823.4969656411,289275.5475777302,7.850356836209866,0.04885285004254597,0.2635375014228129,2217.0530792420295,10000.000058127325,10000.000091175869,10000.000098311157,10000.000097486902,10000.00007351943,5956.001988494251,2017.2509383765862,1752.1518785191881,2404.231591786722,1405.5887724964919,6257.6514945276795,3686.152758089116,8878.740285796783,1874.8354800125421,8360.058718566694,10000.000064393791
0.2,45000.0,35000.0,412823.53766274103,288964.37872831774,7.849958719529188,0.05092912966466129,0.017646352486145482,2752.925419928126,10000.000069791093,10000.00009174964,10000.000098352923,10000.000097612661,10000.000085946229,5945.972930258324,1650.6946695285142,1389.6493709328283,2399.8850700416488,1346.1170317035446,6357.853156475414,3597.8001271470957,8778.292061434013,1867.135037382013,8610.895643885126,10000.000061158684
0.2,50000.0,30000.000000000004,451822.8696165998,288959.4155721715,7.849575053554074,0.05174112748215503,0.011500070565856073,3497.894496960352,10000.00007659655,10000.000092365035,10000.00009838209,10000.000097697206,10000.000089700636,5935.125754200847,1287.4422314394367,872.6820039298003,2204.5439412313626,1300.3338552230582,6707.277892777886,3525.475701917548,8715.51837478766,1864.4353717969814,8784.698788533668,10000.000057089135
0.2,55000.00000000001,25000.0,490742.76025259646,278194.34474222345,7.845405280033181,0.14426403609305935,0.008305091182869451,73.17397240604498,8713.038276334717,10000.000081260545,10000.000097723596,10000.000096362255,9999.99995125505,5678.661075986979,976.7698096871011,930.5949453612494,2109.744562530133,1386.8721463498248,6978.3626389658975,3493.455081959627,8614.429939506157,1839.9415027191294,9999.999894016013,10000.000065319093
0.2,60000.00000000001,19999.999999999996,527683.9561392673,213436.10716253085,7.839102178907632,0.7325301986150973,0.00032653688948588874,0.0003724638225956636,4.025217716823344,6562.051064011483,10000.000097207687,10000.000095078696,7545.88900688823,4854.179952234608,5.314007680363118,423.3520358699162,332.690960533455,1448.775356927803,5927.650450718717,2420.5101494195187,6574.190142980209,1429.7461728277488,9803.547411782456,10000.000064096525
0.2,65000.0,15000.000000000002,562926.6648649946,206296.36472379332,7.839136423338752,0.8082349602144752,0.002746296577810711,0.0008532212429022671,20.315936635506873,6450.991755920403,10000.00009687525,10000.000094380062,7269.475630996882,4051.819111461877,5.3138877885423845,464.28603185547945,352.114217796521,1012.8456279716715,5088.352831729536,2379.925821246319,6283.94025374883,1365.674596687295,10000.000093393968,10000.00009452785
0.2,70000.0,9999.999999999998,597414.8035430812,182880.0813609836,7.83740962825884,1.2220113292769847,0.000233189251252575,0.00019625978550308232,3.921784633414434,3655.634975189752,10000.00009588561,10000.000091280053,4266.038986026073,4780.02291591763,56.221551432696515,285.6915441876122,436.7350202876616,768.6950856079,4543.656278257366,1454.9203557389878,5307.89561624438,1227.53090480064,9473.933352341217,10000.000056554622
0.2,75000.0,5000.000000000005,628265.6144474765,153908.7513566314,7.835643202249111,1.9621248014931554,0.00015517532079582287,0.0001253974513847747,3.9217355754152545,2207.9328804974284,10000.00009403645,10000.000077253026,110.61896689503308,5580.276164375208,7.3022738260706905,65.55992267033746,90.99889662175991,843.7250007925878,3577.7995613829958,1127.4911517656171,4090.9976923827167,993.5774412063735,7063.838149967416,10000.000056784378
0.2,80000.0,0.0,656943.9937450337,150845.01839037315,7.83468737583699,4.3734014758442905,0.00010417006829669789,0.00011707009754673843,2.907801307836512,1419.5982367466283,10000.000094379633,10000.000082422237,2805.0292284203038,3046.2445306286004,2.368834077701703,105.8983317466857,99.27152478678728,743.438157306821,3558.2777591232793,1228.2096557950038,4113.557173567973,933.3048033394613,6595.885687093982,10000.000048441958
0.25,0.0,75000.0,73032.24768364918,292129.0445368323,8.80428596320084,-1.7934079432918775e-7,0.0009020768148686832,4722.450318279403,10000.000085631169,10000.000092774288,10000.000096427406,10000.000095536618,10000.000084284095,10000.000076399907,4690.409586437549,8317.297840969592,2825.765158023929,1859.8369341872003,7511.775405545937,4683.502596237234,9372.810654060737,1860.006501916261,0.00014738599259466083,0.00014006946795150948
0.25,5000.0,70000.0,113401.24747005117,293931.1713700807,7.983693435653127,-1.792962116462941e-7,0.0014641722987335808,2529.8178767563513,10000.000069748272,10000.000089142899,10000.000095597656,10000.000094035617,9755.563811317468,8791.920628101225,4158.112667538556,7866.001605229359,2434.312631408508,1649.2427254104416,6883.527889917735,4396.03027932233,8802.87464199515,1749.722285363676,174.73660146108537,7304.935764525065
0.25,10000.0,65000.0,153115.28658212838,295786.3147443661,7.916871953801802,-1.791074185301835e-7,0.001414883252834544,2022.9994818205341,10000.000070831364,10000.000090145872,10000.000096232494,10000.000094719837,9536.252678540264,8226.49651625543,3677.6350156074514,6851.676540152909,2454.2201321739435,1628.9887995117365,6556.040095797794,4151.83664056893,8341.867859053238,2040.8988892854413,1680.0405169083986,9999.999685035067
0.25,15000.0,60000.0,192625.1494222143,292886.56829059136,7.893436548580616,0.016699318680950734,0.0004656842593978016,1084.296060535596,10000.000088305836,10000.000096395628,10000.00009875856,10000.000098205925,8935.116323431817,7679.455986779085,3374.154844876323,6461.2708752888275,2298.2817182512013,1556.852406947618,6219.084366703991,4049.436037828725,8739.573079239419,1899.0150105571674,3821.7842366124537,10000.000050014725
0.25,20000.0,55000.00000000001,231862.06568478254,288288.8756741691,7.867198363129119,0.044470536430161245,0.00037602172050826913,102.97572038033758,10000.000082023987,10000.000096031392,10000.000098862078,10000.000098304245,8104.769856343606,7198.637815652434,3360.9692967685864,6340.137564065562,1978.163039331616,1532.427652035318,6082.6702558268735,3020.301378584043,8318.570885161866,1876.561778005249,6536.30511733661,10000.000075557631
0.25,25000.0,50000.0,270934.46483605896,287818.43979741324,7.859099580130348,0.05004730766895275,0.0021064988344327313,1002.0668132800198,10000.000035769108,10000.000089318357,10000.000097357364,10000.000096025706,8324.39850668619,6614.067549065572,3304.3058938919676,5626.713900611986,2038.6304987853225,1629.2949015783825,6281.87776486703,2754.614895640972,8025.454711748746,1849.0956874219498,6831.519805747152,10000.000050565215
0.25,30000.0,45000.0,309967.8922727793,287849.1709475818,7.8567039638168685,0.05121068047508085,0.004290174036859162,1394.8171992897583,10000.000016269754,10000.00008971917,10000.00009780463,10000.000096676793,8706.14507547434,6465.483941263757,3038.233411860003,4786.343026011488,2088.8323667950863,1624.9994469336107,6292.264445225522,2829.53926751284,8120.260513681019,1855.6902469437348,7090.5642875306585,10000.000060392435
0.25,35000.0,40000.0,348988.35133419564,287998.1647422944,7.854602544136323,0.05194302759631027,0.004675765451673368,1465.0991732590528,10000.000031443118,10000.000090961623,10000.000098227618,10000.000097311473,9324.635788169042,6223.793603233188,2754.4315492774435,3968.1194041517415,2103.5728993620733,1569.587173131242,6233.57190756952,3009.536561099156,8269.079200330993,1854.9957484522802,7570.733069253454,10000.000067514016
0.25,40000.0,35000.0,387991.5234706448,288168.1469284023,7.853017470275596,0.05225108364339175,0.007422004357955068,1588.2279422039323,10000.00004149472,10000.000091445345,10000.00009836773,10000.00009751638,9889.924630473493,6003.006452431165,2470.0957129689327,3259.320416171155,2151.943457706867,1486.6516595502212,6190.758805354498,3172.8174068977432,8395.883122372154,1853.3151766498288,7946.796284443368,10000.000069050398
0.25,45000.0,30000.0,426856.7945397857,269951.68029835576,7.848151396103498,0.20673538801800456,0.006833515592415308,582.0696938485784,6850.335935710424,10000.000081173532,10000.00009768808,10000.000096163847,6979.117350685538,6605.014485520678,2212.412308614099,2444.75841860121,1990.839039389807,1483.3456868198773,6323.253599006296,3269.97824526966,8462.932508121816,1826.2012843628067,8778.314084890166,10000.000068862853
0.25,50000.0,25000.0,463579.26094288623,212436.84133233744,7.843250936832113,0.7323001507278373,0.0007702911716720908,0.0015175558070042708,20.316020515533538,9777.279032800425,10000.00009700369,10000.000094399134,5029.75333716198,5549.817828520829,5.313918762735388,464.28603914378124,352.11407575952785,1242.1268093024153,5538.026661511063,2337.7975509602607,6402.121133187468,1393.93658762016,8856.978503721146,10000.000069731232
0.25,55000.00000000001,19999.999999999996,498853.7127685608,205905.10657834678,7.841895997229431,0.8036578138178693,0.000509798974084471,0.0006320664499847145,3.9220845254904706,8208.844433873684,10000.000096902,10000.000094232075,5303.577697715017,4803.75767617928,163.8297584647182,472.0473978641777,249.20980451149475,994.3085020330254,4943.512133099359,2350.7491377715687,6223.786407520799,1352.8481090844746,9532.904940676472,10000.00006858919
0.25,60000.0,15000.000000000002,533736.887651078,197025.32967340836,7.839483461995053,0.9407698342012826,0.00038881405917787893,0.00034785468684954136,3.9218824471247977,5333.34528457302,10000.000096994827,10000.00009447065,5805.089658858149,4408.005534330109,163.82945354717825,468.4291143891083,364.60253950849517,761.8855543255431,4651.1081691445315,2195.7088829805575,5934.123273675643,1295.9386263935376,10000.00003218317,10000.000077614088
0.25,65000.0,9999.999999999998,566833.3641932016,164635.5973053641,7.837639754438576,1.6227880828351968,0.0002058331505954279,0.00017766557385083328,3.9217680109948443,2299.5838677736383,10000.000095225,10000.000086180418,1719.9956001655894,5537.427620204847,48.920410405445715,261.98825773752594,362.7153899323454,782.419414240138,3665.3925646636008,1297.4505999823962,4672.033351161706,1077.3601602481672,7921.369100492601,10000.000063904441
0.25,70000.0,5000.000000000005,596739.3977479355,152254.70061885315,7.836887573412921,2.0187184908637286,0.00013476614478555817,0.00012415878899060757,4.0251148756607025,1765.7498079851018,10000.000094783389,10000.00008108101,684.1085364741609,5052.217961561547,5.313989348774527,149.757073497021,107.66411444671216,866.3377085277689,3679.87247620248,1157.530393035531,3944.049076669003,980.8772787566991,6767.242571387145,10000.000063476817
0.25,75000.0,0.0,625308.6188993081,150728.21533088663,7.835020867554487,4.371069226407313,0.00012829438996202766,0.00014855102506183905,2.9076049332190133,1285.5500297058018,10000.000095345391,10000.000084308414,2717.275063146502,3237.0588045333793,2.368943183252686,156.11343474638753,152.0790312663593,749.1993438306106,3438.5007068902705,1245.6987520663126,4170.857468856138,946.2856129009401,6507.7769146448945,10000.00005413244
0.3,0.0,70000.0,87350.67598966071,279257.7421264704,8.820187805484506,0.05104790502456319,0.0006603506748012044,1344.189722908728,10000.000080125004,10000.000091501868,10000.000095785435,10000.00009424963,9386.602812577197,9380.773949564647,4685.3500277374715,8305.915549779433,2822.7442463078214,1857.323287441574,7502.38572035464,4677.7696124795775,9360.100877067567,1857.1843157988528,0.00010565687860829391,0.00010048343243274225
0.3,5000.0,64999.99999999999,127753.9646114392,281351.32829692855,8.039815921156226,0.04845363871661466,0.001675981807925524,1633.7464774394634,10000.000050024082,10000.000087866316,10000.000095507176,10000.000093681178,7633.144180606298,8876.223607624766,4232.62026516457,8173.621553798152,2588.141400563655,1678.633932084634,6623.584783194499,4082.9602508933895,8785.201818931107,1715.7033453771908,73.16103665966062,5842.14240870664
0.3,10000.0,60000.0,167488.2385340903,284096.0487625386,7.956134415398532,0.04496799585571779,17.110233499440085,1465.7456208163055,10000.000048466316,10000.000089106174,10000.000096039883,10000.000094374142,7324.381007087025,8337.955889794646,3832.0454507264103,7252.670983339811,2451.3892775267523,1662.0741226841028,6726.163308080288,3966.5024826703134,8068.753194255706,1536.1068961386986,292.454051629892,9999.998154683863
0.3,15000.0,54999.99999999999,206853.16641375952,286756.94112781197,7.891188633684319,0.04469553763911224,0.0013916589518351236,730.1362713766633,10000.000055066688,10000.000090179337,10000.000096721553,10000.000095150599,7156.844557834802,7907.0903358464875,3638.8733239486323,7135.594043887895,2383.4900736912737,1586.5539931440073,6383.251266945637,3656.640366017069,7414.439020624374,1418.3680837448455,4486.159355102458,10000.000016671775
0.3,20000.0,49999.99999999999,245999.18267541757,287241.1574581692,7.865786989098595,0.05022191311990414,0.0008850800795333632,452.44545771007955,10000.000048695369,10000.000090752967,10000.000097292404,10000.000095944466,7292.960795259492,7462.162564602801,3604.547004751548,6889.419319094355,1889.8013965382368,1646.9417798511292,6346.507287880404,3060.7799284646885,7194.580479423741,1818.5526600619296,6414.183196155635,10000.000049458518
0.3,25000.0,44999.99999999999,285055.8953610216,287382.56708052556,7.8602921756569195,0.051862685454259774,0.0012087998026757744,944.0171187069096,10000.000050209077,10000.000091835258,10000.000097833623,10000.000096751937,7873.557713857575,6900.8076928778755,3420.5255771126695,6251.657119417753,1828.0651726470644,1674.7043685586107,6337.498051541494,2878.959712452063,7463.494860013747,1847.7258574266718,6703.103657164992,10000.000060229686
0.3,30000.0,40000.0,324092.4452094814,287522.2161550152,7.85834728971428,0.052134041788745006,0.0019091920181702896,1285.9104040293537,10000.000054713075,10000.000092756674,10000.000098247163,10000.00009736611,8374.534838705826,6590.632483512336,3260.463314812914,5519.98553585783,2013.4585900443285,1628.5870222606873,6251.685920783696,2800.173409919197,7751.539658296181,1848.3672271587227,6849.375272799461,10000.00006773835
0.3,35000.0,35000.0,362829.81573174725,259431.74016589692,7.853236026188717,0.2896295075821543,0.0049123523082092195,966.5858049232623,5777.73683899983,10000.000083323897,10000.000097507416,10000.000095545516,4510.068346429384,7515.036479611499,3040.8098640295157,5103.701274737795,516.2105334917054,1696.3007851212208,6009.678368594134,2366.8500359850086,7486.453280416608,1661.5407462116402,7346.029683341376,10000.000075862263
0.3,40000.0,29999.999999999993,399389.8673884595,211591.9637702223,7.84769307777438,0.733485171547251,0.007740288839235172,635.5983324843154,819.7615083250645,9999.999307761882,10000.000096646108,10000.000092919156,3269.5963296377636,5902.441074918483,1290.6591409054229,464.28674869594363,352.1141225841537,1182.8336140224433,5151.994051757983,2260.9298461437893,6243.019896105388,1361.0624152570856,7729.450595885641,10000.000074871532
0.3,45000.0,24999.999999999993,434794.5650163723,206073.96615124488,7.847032820853824,0.7942359293030034,0.000951858236041025,0.003008755444705899,282.9040570006631,9321.897283595126,10000.000096624153,10000.00009300696,3499.137387420937,5454.244802434534,519.1124554114814,518.1424481396825,515.9401497280301,778.7362635185792,5747.776784208263,1856.6169623530857,3701.486811310085,3915.3968633316954,8553.083996173293,10000.000074711239
0.3,50000.0,19999.999999999996,470375.1870303863,199311.06467148924,7.853879144001901,0.8943955214422854,0.000718531664435497,0.00037318574340969307,225.85911551014772,5585.482909326596,10000.00009689665,10000.000093878303,4085.0255542557084,5096.427190285929,171.18717859170658,791.9017279922808,1836.5267393600698,5653.244099623965,1415.369677327864,2045.0370421975908,5731.32025481955,1253.9363122508814,8322.834709474477,10000.000072972485
0.3,55000.00000000001,14999.99999999999,504215.1266460525,183354.18042343273,7.840238592989383,1.1997166603070473,0.0004605573494698995,0.0004180756420049498,20.315920093474023,4562.921407523565,10000.000096732205,10000.000093241968,3831.4313855116934,4908.407888837726,5.313883478912563,464.286046228022,352.11410787570355,760.7573908405967,4288.096150735638,1545.8938923186286,5381.778889821956,1226.0863665129498,9085.26959691207,10000.000071163033
0.3,60000.0,9999.999999999998,535674.4149354172,157688.62882345877,7.838951355344617,1.803074496770444,7.372149173282713e-5,6.403438441228078e-5,3.9216901026720117,1972.3139515136775,10000.000098302831,10000.000094093508,1107.8605612830197,5344.145625003032,13.737408267909377,179.85501023621418,127.77923788552177,808.3665184662648,3625.708803604539,1251.1911640446128,4462.269110473086,1026.8079451490307,7209.603723007406,10000.00008873066
0.3,65000.0,4999.999999999994,565146.1889735091,151546.44950983784,7.837695503240099,2.0464092819911435,0.0001689772114791141,0.00015323941039222715,4.025162536767145,1553.2735664018148,10000.000095389121,10000.000083673052,1025.4986214406551,4793.069628167811,5.313982056427317,149.94061652102866,107.31317171194324,770.875267538249,3602.4032934863862,1181.6077519666342,4103.0267412603735,975.0007298551677,6636.7847783841635,10000.000067769814
0.3,70000.0,0.0,593667.1641843196,150615.3068433792,7.83546531616151,4.304919203503132,0.0001681286025248538,0.00020947953016033883,2.712524361690387,1610.667803478548,10000.000095529704,10000.000083588526,2218.1686262077537,3473.2268981517022,9.028824371756448,176.61426894946896,149.10222456265515,726.2860539066884,3383.558753329951,1254.8069658395732,4200.59434001445,953.0092041100211,6412.986245311233,10000.000059728582
0.35,0.0,65000.0,101057.35346374825,279232.5508093839,8.819328309507664,0.0511686258532823,0.0001677014832622541,1499.5087942088564,10000.00009442907,10000.000097593935,10000.000098819239,10000.00009839111,9635.41434133719,9304.357295729276,4646.983884624474,8236.886641498102,2799.2986659773,1842.657021157289,7443.050540218673,4632.873635411145,9287.334813512352,1842.8478176958406,2.717922063400522e-5,2.5886445517227333e-5
0.35,5000.0,60000.0,141529.1592685011,280164.6740408778,8.077676766145945,0.051385658724399055,17.110008027149256,2420.3334360486156,10000.000069779378,10000.000091200447,10000.000096570679,10000.000095207017,8022.053020401715,8815.397634324672,4256.857490353623,8284.133384521389,2602.800674282515,1688.0330645339313,6643.613772599117,4097.712765305806,8714.044475697276,1736.4949172952734,184.74600984015325,4025.608863894494
0.35,10000.0,55000.00000000001,181376.3232589703,281937.5619469376,7.989918721681441,0.05089071564959709,0.0017450135381987118,1716.9822870500502,10000.000055586097,10000.000091015552,10000.000096793483,10000.000095544836,7432.865498852017,8387.40730179473,3908.548481265013,7647.878976648837,2234.263195161858,1643.5696760654841,6734.833669134814,3958.362799979066,8227.622660742407,1622.7833560880829,334.0325347936127,8302.138038955192
0.35,15000.0,50000.0,220897.68533746633,284569.69133282924,7.917645157355422,0.05067232021290528,0.0019319569211487407,979.2825548271104,10000.000034695955,10000.00009114775,10000.000097138436,10000.000095742122,6654.7117612972115,8021.392704881341,3589.8532576856023,7005.2439004522685,2431.9334287612824,1596.9810641074657,6468.670835632182,3812.0061781850704,7836.777494059859,1540.124966788486,3167.980233269018,9999.999997208597
0.35,20000.0,45000.0,260092.5898453413,286607.17173806985,7.870544547670281,0.05264863963582929,0.000388958151035665,132.19325450800525,10000.000077017387,10000.000097069847,10000.000099141214,10000.000098699913,6599.855236017771,7688.862058773207,3619.280464092833,6986.891763058184,2321.022727489248,1522.9307917189071,6181.416631318629,3616.9740663764333,7478.399820264167,1478.6659251248059,6216.684581767686,10000.000084570971
0.35,25000.0,40000.0,298646.6755174392,251786.3840915088,7.859735309030689,0.35070145899112504,0.0103456737366365,1363.1420918377992,5192.592118236888,10000.000077022987,10000.000095125784,10000.000089017958,2648.7238796529823,8187.656795216638,3403.597417735789,6661.598403684841,352.11422329659126,1633.0935454487949,5736.618027737706,2346.793932304767,6197.290613709618,1360.7069045540159,6143.0121269977335,10000.000070538426
0.35,30000.0,35000.0,335106.7533981833,211247.88819278032,7.854263331523234,0.7297740738575795,0.006799417451673488,1189.0608468633507,2109.726336977316,8704.624680076178,10000.000095177382,10000.000085487329,2028.742501646313,6129.341444993144,1948.2085355482423,3055.002773500177,254.02699981531978,781.2334871486854,4425.479132494376,2226.4638495274407,5955.6587145402755,1300.089906307111,6431.423658907341,10000.000076492992
0.35,35000.0,30000.000000000004,370468.7583086679,205126.38828239217,7.851988866104873,0.7951637365386152,60.90093724951863,1039.4063486064315,1619.2602702089591,7963.840402699609,10000.000095706173,10000.00008732443,1991.5516271783101,6050.890928078722,1518.3031446595055,2388.9920928374227,254.02701197323066,687.0013961017821,4216.515530836296,2104.6280583953467,5972.6243573792835,1334.8769433556495,7118.335863379704,10000.0000788094
0.35,40000.0,25000.0,405727.80352272396,204803.13534446587,7.84949500526337,0.8026762376651053,137.42123628309466,813.2490808288374,1350.877307148582,7770.813303416059,10000.000095841942,10000.000088656867,2107.8172348690878,5961.897364789505,1333.153788777965,2172.046943180351,254.02704325975418,727.2282002454566,4364.28762489555,2062.0169701535388,5931.910549737259,1336.0145179846256,7881.273117208135,10000.000077819728
0.35,45000.0,20000.0,440945.6021953828,196241.0937016065,7.8562232344716705,0.9365586924297761,19.61265946359547,0.0020367377291341375,229.91865728764424,6443.083561393683,10000.000096300888,10000.000091192505,2567.415793437257,5531.173338250828,181.90677586134896,840.2199180136048,1802.0449767831417,5653.244099346282,544.9354810634909,2108.378031680763,5794.811222146855,1274.820356390538,8110.278372081929,10000.000076628241
0.35,50000.0,15000.000000000002,473737.29307118425,168042.74402494368,7.841615082933366,1.5227719010523364,0.00015782815049855136,0.00013877526874958552,3.921735984087294,3109.17221870471,10000.000098583783,10000.00009592804,1802.5677944850243,5509.3686070630065,163.82972506534023,468.4293892984654,254.0268794558633,707.255442570871,3742.9643482489682,1424.2020478737902,4877.1456894775,1106.1836164629365,7715.98410624804,10000.000090896772
0.35,55000.00000000001,9999.999999999998,504273.16419648915,154533.01451261717,7.840486375145779,1.8959858484055734,0.0003272285779960952,0.0002748031308072566,3.921832856191581,1879.9057780212472,10000.000095521513,10000.000081636248,872.3994315919613,5133.872693012361,29.85115511968672,213.10773569070074,144.58558922802885,717.4529259289733,3607.5285381792423,1234.546177267321,4369.059830379679,1003.6657295210362,6780.324380775683,10000.000072737392
0.35,60000.0,5000.000000000005,533524.2442995008,151197.36056355317,7.838296010999409,2.0614814884583748,0.00027088462071549527,0.0002315921459477044,4.024031095643357,1402.0417925625536,10000.00009591456,10000.000085717857,1252.3962885206677,4641.1940963557,5.314555080739184,159.0881165490445,112.79247885820324,693.9675678541428,3531.5888668597454,1215.088080593667,4237.606541602787,971.6409453299183,6554.90826139549,10000.000071331497
0.35,65000.0,0.0,562010.5215016224,150369.4001847994,7.83663432979912,4.319188972246272,0.0003132389667125012,0.0004495408830960385,2.7128815210494963,2514.7916833498534,10000.000093842677,9999.99997375641,1016.2259274019044,3870.8808790597113,18.631618049497558,201.77785202799868,161.56197370681596,757.8895073785986,3353.651720211919,1257.440399976612,4209.207976823511,954.9557380358514,6161.9376822338,10000.000063466909
0.4,0.0,60000.0,114762.04392278755,279208.8714581669,8.818266047865343,0.05130825565866798,0.0004142053149604156,1676.3869821764843,10000.000088020952,10000.000094765857,10000.000097450291,10000.000096531317,9899.728959579958,9246.996548465135,4617.777174873451,8184.754500802681,2782.0749933155266,1831.3100059793783,7397.533820056353,4463.7950137113185,9230.632533754411,1831.6431334304214,6.619095696499711e-5,6.298258490782647e-5
0.4,5000.0,54999.99999999999,155272.0442157341,279893.6898108929,8.095185799619085,0.05161162351422286,0.0004760916426125756,2874.292751872353,10000.000092558099,10000.000097600789,10000.00009903352,10000.0000986561,8330.366380054686,8750.755340369426,4272.682280569485,8329.97764910733,2612.5361890854333,1694.4510727631528,6699.938978962287,4102.2437933430865,8683.307585780674,1745.7184885416455,158.84233193393067,3155.643471536139
0.4,10000.0,50000.0,195200.10496470425,281336.5874764215,8.006758316378553,0.051957736207010066,0.001409936834186963,1827.5707334375459,10000.000067765726,10000.000092880522,10000.000097472745,10000.000096491798,7607.426859998238,8438.53311567417,3965.487270556553,7749.714935905345,2315.703908480348,1571.2228354097679,6668.865849309374,4020.463096491369,8351.057410761525,1663.0187402770566,378.16711253275,7376.312553727589
0.4,15000.0,44999.99999999999,234000.55322075743,239386.8489862713,7.950091654480527,0.4220986402009291,0.0017310189926607806,673.012096681726,6089.347882412904,10000.000081999111,10000.000093686576,10000.000087577568,2958.9364819740176,7902.8240675835505,3684.602901233235,7064.179545272857,886.0923228687525,1326.7081323472037,5559.424313502763,2196.5147944233145,6196.955615284928,1338.0387782078312,857.7269229899019,9999.999725670747
0.4,20000.0,40000.0,270640.87895363884,209730.33599550062,7.890334063860625,0.723551581955655,0.001978563111801981,813.3000517518029,2715.906791170514,9190.386765109606,10000.000090067035,9999.999983215912,708.2548536224618,6395.2325492551645,3001.0205221387178,4922.964846181703,551.7312992781054,788.4485724109599,3735.017565722362,2176.30693939662,5792.923948523984,1292.6594254808892,3905.0959326650864,10000.000057728801
0.4,25000.0,35000.0,306129.9229925205,204678.74576690712,7.85989728777299,0.7931712140410084,0.004876081381467517,1120.675065501662,2447.406006564823,7096.681854183763,10000.000091480695,9885.007516660216,652.6004025339623,6537.095170222287,2508.535530906137,4419.447400597038,379.3342631335326,668.0105834672738,3597.6379123539355,2034.519566692447,5613.322896544912,1322.4890905402117,5876.197553287753,10000.000076823007
0.4,30000.0,30000.0,341438.4228051202,204113.67177358194,7.857264124252346,0.8025010122706346,10.945723233215979,1122.177696769792,2139.4576482730395,7135.949675117694,10000.000094441255,10000.000048925607,1011.9256185592429,6078.1202030399445,2225.8584819979915,4017.218800568532,365.2363904209272,602.0641255295051,3718.7709622251205,2018.9500462287924,5648.570246157099,1335.0212460548948,6523.9618137091475,10000.000082219925
0.4,35000.0,25000.0,376421.9623317153,196067.28534472315,7.853122978643632,0.9254297576519726,48.70046453406499,715.0961198762353,1514.6552228261075,6671.77392251007,10000.000094786186,10000.000070810498,1046.4249632926098,6173.400970221563,1617.007786872978,2589.8256072846657,352.11437291786353,313.0864229410575,3471.107268645215,2132.542978145873,5759.780688539017,1321.790253520845,7311.56421285913,10000.000081127306
0.4,40000.0,19999.999999999996,410838.33552341344,183531.69334994405,7.8484758765799185,1.1743311560118994,172.74322445257548,283.965504660094,503.30146856807426,6000.619936073356,10000.000094979494,10000.000075042408,940.4363442202059,5989.91859092461,815.5260706511684,1327.617391459053,352.11425668326285,605.1972342909872,3583.4577831448137,1614.8775620072606,5439.107855476843,1225.2292257702804,7642.8776459182845,10000.000079859856
0.4,45000.0,14999.999999999996,443400.62925525836,161759.07861208162,7.856119467985335,1.6781081167391427,0.00036546986447724195,0.0001868018702462386,79.01822177786568,818.8290006511069,10000.000095326906,10000.00007188405,578.0075758341691,5455.969863223986,96.54579352991686,453.2233451375141,4147.969706488989,5750.173126827813,491.4167873217746,632.2146758306959,3380.749058425892,1051.6953161848496,5672.548546791247,10000.000078463096
0.4,50000.0,9999.999999999998,472749.8948048356,152764.073800598,7.843010153728729,1.9493757598159753,0.0010634023010314653,0.0007035666262519605,20.315941341922645,2357.3515577509843,10000.000094981428,10000.000051700541,239.68450721926976,5082.999063072258,5.313887138230378,464.28604340097155,352.11408647485575,457.0950623575028,3502.879985025855,1228.5324068962827,4321.062017175232,991.296755957412,6326.368798783393,10000.000075420881
0.4,55000.00000000001,4999.999999999994,501876.2575860512,150708.92451817673,7.840704721679948,2.0707856172770565,0.0006501129974256657,0.00046291577658979187,3.9219675361416364,2063.103508905245,10000.000095062416,10000.00006142784,241.16570396528826,4921.924219661548,131.03179155283362,381.0945355105719,239.67537938682884,552.1505659490432,3426.1730785356026,1239.207539248675,4249.028609717805,969.3528435464306,6186.85170964503,10000.000073760773
0.4,60000.0,0.0,530337.54686165,150161.29394327954,7.8378838214056366,4.2330314152454935,0.00011395998308020956,0.00014604313240538226,16.26604108150984,3287.487472251287,10000.000097658267,9231.245521488336,975.780510694812,3983.141222090456,55.248961409641986,336.4662260130215,161.5623102588024,782.3584500146395,3412.8532689230074,1152.2021300409695,4129.237619861001,956.8927869657297,5925.522954498638,10000.000088224871
0.45,0.0,55000.00000000001,128399.35006968395,268276.0882097417,8.826962427995015,0.13954746136909596,0.0003219215338704824,185.3035290529353,10000.000085880687,10000.000094643681,10000.000097413062,10000.000096409083,8131.871256189728,9210.984838809662,4602.297051841513,8138.557316172391,2704.1256665892392,1820.1813016905776,7370.682006050575,4226.496255667505,8990.356008355426,1820.6252097720806,5.0696770709297824e-5,4.825722654199555e-5
0.45,5000.0,50000.0,167742.12339808838,228341.03989239238,8.165806553962424,0.48319245353400375,17.10989560786073,887.5831308406615,8086.4067973356205,10000.000085506677,10000.0000941878,10000.000090094725,3724.063788214768,8516.346831063453,4290.317725661742,8105.070411477179,1135.2922501728412,1366.9115631451045,5448.091815747765,2152.3285625366816,6323.841113602637,1495.5833713932223,0.33214089991814477,1182.981163088295
0.45,10000.0,45000.00000000001,205207.16791699093,206767.11121520866,8.03604013532007,0.7067014781543789,0.0011554525879257146,670.4064632046759,4090.2246382717494,10000.00004879288,10000.00008996191,10000.000066120987,2038.614061503211,5821.2115049295435,3948.799635533756,7046.699885502688,896.1170054917184,1062.5494167647726,4282.83753685372,1807.9478826595578,5000.685724868146,1094.6903742060274,0.04290195155943674,7154.791613440884
0.45,15000.000000000002,40000.0,241381.75896113462,202452.47084303465,7.94341653477407,0.778172476503921,0.0022376965152336964,977.8455489489087,2798.725289867347,9128.340388270746,10000.000085681599,9112.896137782294,652.8377420481864,6282.6339430575545,3527.3163853871506,6136.779338369566,859.1095149081569,923.3533849119709,3850.9320195709565,1725.583104526712,4630.175340754322,1329.6074162526681,1416.206617219915,10000.000013091323
0.45,20000.0,35000.0,276980.48019273253,202002.98174447732,7.888542883056992,0.8088080213308398,0.00781972243675057,1204.4121556342056,2602.9537545717517,8060.356021067883,10000.000088941018,8874.543125158514,572.3081543722878,6040.241519409316,2824.1900928531763,5141.891248685463,879.2639409880073,862.4637723766399,3440.6840827607048,1933.1401746349388,5268.484925070903,1198.4982769677092,4286.046915125852,10000.000070962566
0.45,25000.0,30000.000000000004,312218.6303645359,196878.6562952312,7.870176256342777,0.8956276207704728,12.925003853118756,1151.4872708123196,1992.1375365192284,7346.376560363322,10000.00009217795,9030.263551147478,669.9987788051749,6155.435503532466,2306.7014301203903,4351.749050307441,433.23054652133584,661.3303860217504,3092.2477921833097,1886.734793677206,5435.986264427996,1230.1327493258923,5576.1090933721025,10000.000080610951
0.45,30000.000000000004,25000.0,346925.82590033987,195245.7482183147,7.858909213638949,0.9319185117171561,60.40054556274212,727.5818893309197,1792.0977416264564,6570.8885825236675,10000.00009337176,9176.653151531284,554.3540325683712,6254.612802595628,2172.9452074790506,3959.48118090501,561.458154134877,613.327303604932,3159.903319318552,1744.0013672564023,5434.993641384476,1323.2220340417462,6635.291991353207,10000.00008398872
0.45,35000.0,20000.0,380393.725738688,170191.37365241555,7.851501598392011,1.450252582569135,297.03044689359865,498.2240570085646,290.827385002967,5327.023873361835,10000.000093708775,8718.284501055516,364.9626981754696,5903.834182008954,775.3328314110701,1869.9278271840633,285.1121834594495,426.2371626062991,3313.576543373031,1317.904015316956,4857.689459513793,1125.7014329465337,6291.87240327114,10000.000082113425
0.45,40000.0,15000.000000000002,411419.00832714717,156526.26687732822,7.848270979458087,1.8034232702684214,601.197758409821,152.225372355135,51.07659411977703,4143.394845922453,10000.000094024695,8583.187168903989,350.90409462867916,5252.399135806947,188.04349278803195,758.3113937507728,352.11627017509016,441.7497979549101,3145.4759064893215,1331.1812308285319,4522.764628904691,1024.2519397351007,5814.135730779316,10000.000079686593
0.45,45000.0,10000.000000000004,441128.00630154577,151541.6311606835,7.846630052711977,1.9835919907197113,496.2491146089962,0.004373805728757305,55.28415485383682,3422.2776553954827,10000.000094088424,8677.687002186518,349.94828157234184,4963.220705767906,209.35679900550883,644.6818873379046,254.02697627456996,357.2806119200463,3263.589972127567,1282.7806195791354,4327.311562372453,983.8279622329733,5618.860251093457,10000.000077474086
0.45,50000.0,5000.000000000005,470189.51408842014,150221.06669981102,7.844153675821683,2.0764700564844265,372.85238576073345,0.003007329970660001,12.64333080389642,3205.082708430981,10000.000093977495,8794.510377807259,406.19987046659287,4818.37250846688,174.3987485951715,509.50702051856155,254.02676002862177,488.3479983587355,3157.504907064022,1389.1466682597213,4243.731942731702,967.5907834338501,5634.003529659858,10000.000075628783
0.45,55000.00000000001,0.0,498648.0173303245,149964.97467700957,7.839341431375821,4.206502047963368,0.0007763185951363811,0.000578722179098826,16.26601177692488,3601.6957340254207,10000.000093900431,8856.905547388504,905.1974705840092,4068.877289753018,55.24878077037332,336.466097408023,396.14268198344087,828.5635367393377,3479.7916093819103,1308.6696686181426,3790.793391495801,957.8888299997011,5732.627582226586,10000.000071447297
0.5,0.0,50000.0,137002.7582959862,194813.3963791692,8.894796034263287,0.7919212021280415,0.00010586444314138864,0.00031449932952157315,5060.851594251842,10000.00008457294,10000.000095461099,10000.000092599315,4235.898604860044,8014.117766776439,1235.3244100333857,3396.146959822205,1304.185393864137,1375.284608324618,5746.594742384317,2427.8925202172327,6413.018437143347,1375.2481348695896,2.0421214937883077e-5,1.9530578544427576e-5
0.5,5000.0,45000.0,174307.936158403,194871.09454498405,8.222200078505766,0.7946975220751716,0.0006571142159817004,0.004042310329527018,5195.110922769736,10000.000074188094,10000.00009407225,10000.000088194563,3007.718786552055,6595.296225700686,2978.412950848246,5491.353273636704,1213.1181325308905,1213.4560474408358,5022.803397632914,2235.117652479964,5706.347093853665,1217.7484347592404,22.30630259819821,706.6748613551318
0.5,10000.0,40000.0,211223.43548114153,196133.73471458253,8.112684166268298,0.8007431615291957,299.7829660384662,1732.042023135697,3290.458829764942,9364.12328685865,9999.994045968177,9999.966342911195,2125.7682537556507,5530.927286053286,3074.409021678121,5370.315768874021,1523.9688815097627,1203.416857573626,4164.200861606233,2297.1502034422197,4522.10525139279,1748.0639725634298,586.8549556112145,4229.398551618525
0.5,15000.0,35000.0,247374.56322213408,198831.50076378768,7.965252969635509,0.8137148084487725,0.0021157695165210334,1016.2253787018352,2637.1080571123434,9025.34456126954,10000.000089737649,9349.531125483381,740.9833370281575,5492.039551790081,3062.900948650105,5625.295589711581,1114.0116145400987,985.2756583152748,4050.3909290187057,2061.130208395011,4832.136873346215,1000.0960523423652,1047.9267397399315,9999.99999650751
0.5,20000.0,30000.0,282609.97974240565,194443.60318219755,7.885846390790049,0.9223750111835743,31.026442003317168,1219.8686661653587,2203.180035853257,7721.520261748146,10000.000089350484,7792.152622430553,827.4685107315887,5632.348208717154,2616.8922426644713,5005.80618814645,1092.5106216900315,889.3750361349908,3681.662988457581,1594.284433436131,4271.393471330401,1276.67373288547,4594.417232783366,10000.000078586298
0.5,25000.0,25000.0,317146.2985789482,183062.44388712148,7.871177529282635,1.153425536132783,194.87067972111055,794.3932975981609,1530.6257266189,6833.441660757781,10000.000093270226,7983.299764715787,755.9072569867868,5314.473986272388,2201.9709764857926,4071.41229151111,537.7642634924675,712.5769252246915,3161.181295244672,1218.6927268313862,4666.623060479338,1117.874237503036,5231.86409518485,10000.000084971616
0.5,30000.0,20000.0,349425.6561014984,162595.38875413593,7.860283248508232,1.6159732134591938,392.0237329425761,539.2034452614472,529.1623256383878,5353.106753079821,10000.000093356191,7203.5170725636235,483.1489383278508,5392.9895987239815,1066.1241081984012,2413.4058048100346,485.3139947583798,561.8575597810133,2666.537372158556,1240.1063443038179,4504.127780278,1074.693802417477,5006.053927173044,10000.000083233184
0.5,35000.0,15000.000000000002,379915.4641107415,153914.6097376021,7.853337253813709,1.8727570238973392,674.1556826894249,269.93716021973194,402.33741630519575,4511.160503462672,10000.000093363427,6927.606763205699,708.2978311229401,5086.065251141522,577.418172200917,1436.5466333246818,512.6456347153045,459.9959155117754,2703.7023258607437,1228.586425037541,4371.882290580212,1007.2515283952835,4888.573239752796,10000.0000815167
0.5,40000.0,9999.999999999998,409443.3893991068,150627.65896641568,7.851404636045344,2.0073374474086587,921.598314313522,254.25964245770808,368.5984295418173,4033.991916236664,10000.000093524466,7159.522340881004,678.3564428552467,4871.366292986256,320.3318776169509,944.9216504139569,511.57211847044215,344.7825746986671,2656.075833557724,1406.1626135230526,4307.527881608412,978.8307495645438,4817.3399044731095,10000.000079224175
0.5,45000.0,4999.999999999999,438455.9188188672,149706.4431435392,7.848726810588942,2.0819981541189914,1082.674081059503,243.17876435503996,323.4521969874901,3819.193217634135,10000.000093401255,7275.745443602573,725.5132134565405,4759.052092979393,209.35712161068489,692.338241869417,330.6940898505263,349.66073489174255,3167.1019797305125,1529.3585316413566,3918.591629027345,966.0722544297641,4849.481143381871,10000.00007717028
0.5,50000.0,0.0,466935.9385466104,149634.34458967234,7.842375325035487,4.20909406696705,452.76187136246676,0.0022447970343032276,16.266342739914027,4402.750529236412,10000.000093675604,7677.5482960930685,1067.350295868891,4149.186636085738,55.24904770616811,336.4722596566413,357.13299512337375,942.6605935696969,3452.2103314796705,1604.3355831143854,3627.141534267736,820.7902715899439,5253.483242676161,10000.000073592008
0.55,0.0,44999.99999999999,142775.9218169834,194679.85862545966,8.899422388411692,0.7933777682884585,9.321666010081642e-5,0.00027559839355490763,4811.406457594748,10000.000086223024,10000.000096156533,10000.000093582303,4042.436434962275,7408.530587149614,1538.8345028412803,3898.022410862426,1494.1901395008097,1345.8410190443665,5567.2762082905065,2666.475222237026,6417.877241273907,1345.2897566089484,1.8531186401234633e-5,1.7724420274017812e-5
0.55,5000.0,40000.0,180069.72779328658,194741.69691995753,8.223820252006663,0.796067330681892,0.00048173891777470427,0.0019641616843228456,4897.748340591747,10000.000077884468,10000.000095203159,10000.000090193755,2910.507194922982,6448.346542749777,2879.381000196429,5474.193016465438,1403.2350501400051,1218.9768783297602,5009.8825647231915,2494.2661484032683,5866.679111946576,1225.4677883888407,46.137084108928775,683.7624104154061
0.55,10000.0,35000.0,216693.40610646014,187001.5778828284,8.157303058440647,0.9219859338999191,37.61112234656746,1431.299324834376,2736.59232628265,10000.000004075702,10000.000092971006,10000.000063905258,1370.0975274448433,5664.62807825866,2849.553532129749,5608.496851919099,1169.8826564064445,1072.7194537766397,4472.117104540591,1868.9480057495014,5010.518185950803,1073.27810929501,0.015438191419025384,3388.4370070044315
0.55,15000.0,29999.999999999993,252486.04606965493,188786.00730125298,8.020442254936082,0.9449036076641374,53.793221228020606,1315.208132776969,2048.187262284314,9017.28575338472,10000.000091690588,8920.37167562913,749.1450086444653,5268.554718787363,2641.4484435149902,5212.645342144139,1258.6917640192203,984.0596583857116,4083.6394753101386,1923.1524739287927,4739.32509682845,990.8386350486123,0.036347312768761804,9194.34418214429
0.55,20000.0,24999.999999999993,286527.87960058334,169909.10140700714,7.911615135151401,1.393822844948003,175.52854210451255,1099.274632978525,1485.3094436903941,6767.135230071793,10000.00009031047,6183.212238050411,665.3684234295276,4942.998523589744,2153.4194034635793,4206.884942175901,728.3309381408257,794.6158298311285,3366.5395549244895,1451.574077966509,3861.491996348705,813.5347559464493,2866.0499273070795,10000.00007539719
0.55,25000.0,19999.999999999996,318097.1168028269,157847.12692023133,7.872556482994686,1.7233642460916134,438.12638334270014,474.3976311832948,804.57645592857,5678.941423718476,10000.000091860034,5846.1546476343865,637.0117017567527,4912.62987010324,1413.571627080317,2948.418942107987,705.185851318512,662.403248132473,2849.8853231271546,1335.0770493622317,3625.4556646083156,1026.9252425082473,3832.2267770201097,10000.00008378376
0.55,30000.0,14999.999999999996,348287.4925652202,152131.82354067528,7.86096353350595,1.9190722408448364,706.435920043532,375.0246695490203,704.8293052170247,4860.926323756028,10000.000092581842,5914.23910508504,498.32256116400714,5078.995654990336,893.9532196726794,2077.2951170968877,691.4840985015503,568.0803882063119,2476.686748406001,1247.8905860927903,4007.0019645291873,996.7700279826723,4022.2900548469215,10000.000082812705
0.55,35000.0,9999.999999999998,377678.0628009298,149858.60705869456,7.856935162482372,2.0263098231765397,935.4853625889983,386.87083060489294,658.1234496544386,4404.026053323878,10000.000092578068,5921.464625662708,805.865317764992,4874.45711656783,691.3277479642373,1570.4537144050532,710.7600188901105,466.55002406518577,2296.603884080705,1547.8056968587643,4086.632099477811,891.0536927050839,4049.1169524975007,10000.000080706326
0.55,40000.0,4999.999999999994,406661.9218085216,148916.96495563682,7.857360846468028,2.0926314448398298,1076.3745770748885,405.10569770410547,609.7263960982903,4121.332525443245,10000.000092466507,6030.060955427205,780.6625244499115,4797.836271763225,562.6449194922819,1345.4956961766088,533.1664914693201,328.746690752506,2880.8810946936615,1708.7382046627622,3998.401407086032,815.3140245866272,3960.9344382939043,10000.000077734587
0.6,0.0,40000.0,148218.90129937077,185535.93425816947,8.902786547443267,0.922433518611717,7.328751356320564e-5,0.0002115842145106688,4015.18177992487,10000.000086563376,10000.000096654578,10000.00009414781,3732.1023991406255,6833.922170020503,1418.1391964744398,3349.858454632121,1330.6831186006143,1290.9766975615132,5315.673473049865,2401.616017382635,6244.13652153147,1290.8741670104155,1.4681652092313881e-5,1.4045076650906561e-5
0.6,5000.0,35000.0,184931.07800329488,185578.45723127545,8.236163848005411,0.9258052692714855,0.0004612168468918766,0.0007243832736301483,3868.6677491803293,10000.000077899385,10000.00009577919,10000.000090392168,2573.8872780675233,6118.101645008545,2581.0034863452734,4900.608127194473,1258.4419580918013,1187.6370186116703,4876.387644438688,2279.505272497793,5676.603430024809,1187.1848808255145,123.10890597858018,607.4326146711978
0.6,10000.0,30000.000000000004,221051.89468039045,172112.62726546038,8.188359174135693,1.196690885991901,143.64698749844996,784.2185312007272,2042.9191273518097,9709.62231499579,10000.0000973676,9673.936437918594,848.0643199136982,5513.431281037614,2677.195513051248,5020.103613399374,861.7343520976126,1032.308068161884,4304.212398840076,1704.4735955576837,4797.743874668538,1038.1884949471566,0.011947730662077872,2207.836604210909
0.6,15000.000000000002,25000.0,254732.50072863442,156821.7705901839,8.084901432894602,1.5746366752442131,256.2683476941127,637.5262291367493,1476.862326687013,7745.069842112004,10000.000092755821,7188.546419915209,649.9261939985186,4702.737715667721,2180.3696190962555,4164.825966452526,858.1916879878523,845.2528009944682,3577.8395664159007,1573.1598302973443,4085.282012018319,860.7642654568938,0.009916409909864178,6016.8492647961
0.6,20000.0,20000.0,286364.71552689356,151787.99469368375,7.961793436680463,1.8028024988536555,462.6493515330446,526.9497834727006,1025.2529622857928,6488.886925900345,10000.000093637876,5865.4160292539855,544.040007773877,4164.175599288542,1696.2007964124605,3396.636483293946,865.281976708238,734.737497201035,3131.1955966436226,1533.2104138657344,3690.7172024237316,757.566371785423,112.73316621305884,9999.999993641282
0.6,25000.0,15000.000000000002,316499.24156026606,150144.15992787818,7.883929587837165,1.954300393840767,733.1080944279693,499.7326366565416,957.175084373543,5321.782634351051,10000.00009111311,5076.4551902405865,555.8367316349113,4667.490202073538,1156.0842514260048,2650.0802570154037,858.7157732820579,655.9998905084282,2808.6216558121505,1505.8043108891366,3458.05404921879,850.7355859710941,2644.381424960537,10000.000080928552
0.6,30000.000000000004,9999.999999999998,345841.41325259913,148872.01937635135,7.867617812023735,2.048966726607555,1012.1865228036315,484.6457901725165,893.78375349351,4505.002004140959,10000.00008932407,4854.574681673088,836.3356558207548,4900.940275402677,1025.1410071920618,2051.2479776580244,860.141726708582,567.5663331948393,2425.0097316513447,1479.3144160802528,4009.4121435457537,887.7409675468797,3146.0942974941986,10000.00008129663
0.6,35000.0,4999.999999999999,374785.419216343,148258.58616327227,7.8660251672250485,2.103877333101066,1203.0558542240115,497.19456519988466,849.4666795252703,4194.811605775476,10000.00008762986,5236.864726528099,685.355268799032,4814.267147686418,900.765332551272,1935.5843821596213,705.4405588126024,410.97035180680456,2269.798537949241,1838.8335586105554,4180.332410900952,842.7884117254746,3151.3494864650506,10000.000078314233
0.6,40000.0,0.0,403300.03066887043,148147.32068879998,7.860290956389761,4.112630948977906,1165.5324762143923,477.14371646907034,784.1333865438351,3707.9493624969737,10000.00009563506,5778.325321489284,784.9256956851159,4567.78407031315,786.4167797052241,1525.3249747957964,562.9735681269001,452.02001998857065,2941.6714894273523,1947.8446605158508,3950.873674459073,893.4297663409177,3350.2163184114825,10000.000090338468
0.65,0.0,35000.0,152867.0657066368,182707.48358931427,8.901639902642357,0.9744914678166302,6.192136135902943e-5,0.00017750791848756973,3526.182079878914,10000.000087731532,10000.000097087515,10000.000094652196,3429.063353607676,6548.493805860392,1498.8693952011229,3618.100740780762,1345.802425981479,1264.6697231998814,5184.445160323976,2391.5649305742013,6126.867388318527,1264.3040719631115,1.2636856662730168e-5,1.2089330346390077e-5
0.65,5000.0,30000.0,188173.9107385664,160392.88971636293,8.25035357010641,1.422225485746601,0.003887657814357747,0.025745086960754452,979.7833691301388,10000.000036570189,10000.000095135601,10000.000073482675,1310.7247288577014,5701.7213421218785,1535.137462511921,3438.2513859892497,1030.5693949597603,1059.3872117197009,4455.532539450876,1874.7480668481203,4988.71017058892,1068.5024727444024,222.98450365793337,447.2833527480882
0.65,10000.0,24999.999999999996,221498.3578829453,148594.38259961197,8.22882841040105,1.7049490035675197,0.0001996022984287774,178.85996755621287,1363.8755287603674,8645.794052699232,10000.000097922888,8350.57405339075,815.5902967518844,4879.040204282822,2144.9220898548024,4045.9083457004226,1013.0941724710652,892.290455231187,3769.9717087657104,1742.522713780203,4347.947906931887,914.2980486261557,0.0019512578982704013,733.8526265634854
0.65,15000.0,20000.0,253480.70782701834,144353.24221881735,8.142466979985924,1.8757047842499444,530.3964582713403,682.7458344211506,1221.8595925176005,7300.053632590801,10000.000094932084,6965.527060621458,684.4271437145362,4374.670841221133,1806.0006126291762,3647.113431226911,994.8248630944618,789.0468911220017,3329.249360631644,1697.1282499196584,3955.971558594294,813.8881975889751,0.003946395559264947,3508.991585151202
0.65,20000.0,14999.999999999996,284212.755556616,144685.01271070697,8.017475326653914,1.9878660507718557,795.5178161211339,653.6468841920935,1148.2129820300147,6199.877617114552,10000.00009467089,6083.433698707335,674.9847619754307,3984.4797139119128,1399.9914379940342,3028.4877028663195,973.8299470999489,719.8917458639029,3044.778108613975,1673.161007604603,3702.247888932114,744.8525699823754,0.001992650509357995,7594.710084272838
0.65,25000.0,9999.999999999998,313819.9549659417,146545.41476280257,7.913929039215912,2.071720938972054,1099.5670468885812,582.1488923462443,1090.038812438504,5144.005537675246,10000.000093077686,5426.074855702923,637.1964259230955,4069.694674183379,1298.7583585610348,2591.259573052848,876.5686108634916,636.6980955409742,2758.5408197898446,1641.7947810601079,3633.446251157485,797.9300349106371,812.4418425242004,10000.000063435082
0.65,30000.0,4999.999999999999,342792.67671491246,147065.97908473757,7.8854432406701225,2.127298617946115,1318.7891982846666,530.8391619817512,998.2038911460527,4699.837679038901,10000.000088597177,4659.64789684854,1058.2060408269715,4361.253807085437,1184.2579119216866,2388.002217364065,845.0017490181339,517.0101794131433,2281.2430305353614,1486.7714206288474,4285.640450300422,862.3467618753879,1807.7234719055762,10000.000073929914
0.65,35000.0,0.0,371315.5913252089,146201.5183150004,7.8938458405845315,4.175928068551679,1195.2168479001182,553.988492791908,990.3561740876287,4560.054883543492,10000.00009053122,5453.293788596157,707.9864411958343,4270.940721533303,1079.485696178401,2115.5605056935806,702.456273472159,447.16685019621747,2848.4818588850953,1932.0434391122765,3998.762576870294,909.8689065868991,1205.9010120180606,10000.000047691565
0.7,0.0,30000.000000000004,154567.08447901733,153467.51708251852,8.923957764918883,1.5713274173751344,3.5676642792663676e-5,9.827439372420636e-5,87.66176929991433,10000.000077658218,10000.000096646501,10000.000089977546,1939.063336098956,5889.723323125854,421.59817927654274,2035.8532490965342,1196.3656732390032,1086.8330974236758,4581.289682225762,2056.6262808373876,5205.177529371624,1103.9803249294214,6.555604684785612e-6,6.271403874743007e-6
0.7,5000.0,25000.000000000007,187623.39897229912,145337.34546499388,8.263126139374526,1.7828650579972511,0.0030460726443177627,326.82587391792185,3.9222501528594322,8955.161082503644,10000.000095598174,9520.527731074288,909.8047554064088,5120.699082694122,1104.5239916771457,2545.4133296146056,1168.822770092598,946.9327116859395,3974.610994200084,1963.394248879715,4655.942352234298,971.421193350882,160.10849354530862,330.3444991087346
0.7,10000.0,20000.000000000004,219565.8443445012,141054.1501273902,8.234820607970988,1.923986658780947,0.00023850147820010802,0.0004123494624185222,1011.4995505086677,8162.303441282358,10000.000096007227,8109.80019261403,826.3526715258822,4624.0686663765755,1688.1769173076204,3383.558494663003,1130.2228344561186,850.1273188206338,3560.444187333691,1888.7740044726775,4267.1354674073045,875.9395194872355,1.1314889620978865,727.040631036329
0.7,15000.000000000002,15000.000000000002,250795.39910416925,139745.41046771104,8.184783900545796,2.0134568845723724,797.9845650812076,796.4930511607221,1323.1190490885108,7098.529583349912,10000.000096684329,7099.61610328267,736.2296218295344,4267.049327212765,1626.175465228194,3456.69739690245,1086.8102896600078,777.2330551681932,3279.1182760861975,1822.371393017564,3972.0765959328774,802.0921490220558,0.0019124776601889997,1690.7971658119188
0.7,20000.0,10000.000000000004,281173.8591122561,141827.75294966932,8.054455116955962,2.080532970836949,1093.3917824629666,705.4536147154803,1262.7847246524814,5952.569937717319,10000.000095533493,6492.952508339467,792.5930484833583,3795.6219831756052,1516.017842575072,3019.7690444447676,966.8986870194,705.6713395570825,3048.38267744713,1803.1311480805548,3744.192748279916,725.6196618965976,0.001493028145717573,5761.814673340933
0.7,25000.0,5000.000000000005,310549.2737870323,144727.53514430666,7.940317194814859,2.1464138631291996,1350.5491776323056,599.1267489489527,1162.868186054991,5479.646093103724,10000.000093327171,5492.204614495909,711.2284600682283,3841.915617573178,1425.2905633750358,2877.520577597144,940.6724734341136,571.309273985727,2652.862178267688,1634.057015901733,3510.573437753349,947.9449429553906,0.0016023085968187084,9239.741676661217
0.7,30000.000000000004,0.0,339087.3439944821,145332.3899490275,7.911822367672094,4.148316653964931,1408.9133616061329,646.8562458463305,1191.7669813581085,4958.535523659907,10000.00009570707,4805.2746463569665,762.8164395359901,4374.966084457878,1322.4104235509192,2653.2197611253814,786.0484070582733,519.2221608833254,2264.733656078306,1753.1514716357153,4270.961266930619,910.3823999352443,27.404059127930786,10000.000040155868
0.75,0.0,25000.0,153325.9875087206,143018.34784047914,9.01255875668517,1.842489065134464,2.304259717803088e-5,5.808086948064792e-5,0.00043615936958827436,9111.519380336125,10000.000096724696,10000.000074068883,1237.2561383898787,5373.366797912169,0.009504462638111031,1528.1424136775206,1298.6253714880945,995.9468883451277,4147.243902454056,2168.559948600927,4934.055136537027,1023.5157929464242,4.068647301309633e-6,3.893042946520632e-6
0.75,5000.0,20000.0,185339.86529566196,139898.96195227889,8.268488255496873,1.9536601276984538,304.70169337299643,0.012748452907629639,3.921828604219809,8225.004573687485,10000.000096828066,9196.52506934067,921.2115159396185,4889.236667408645,1186.2288706136515,2004.5726196448475,1256.9886421893855,910.2741885774653,3784.1633190503335,2088.724524644265,4579.27544699449,935.9453736597834,124.97205593225844,276.2704579135794
0.75,10000.0,15000.0,216636.1273339827,138516.42740315897,8.236521419084852,2.0255728393844032,0.0004746803959232766,0.00013491929776699964,764.6879958994996,8032.796096450769,10000.000097374408,8183.9456643343965,844.3665144514799,4542.712219570545,1367.64020613537,2964.8343334025067,1208.7619965039949,844.4466168181149,3551.3708423325943,2005.230299687754,4295.975033779907,852.528372748538,62.67550679827503,665.1389720683053
0.75,15000.0,10000.0,247488.20534929208,138257.0358563166,8.201322809000612,2.0775586322045707,519.5612717797567,811.365173986117,1433.9608734021838,6936.652396014258,10000.000097125901,7396.95063237052,832.4364454378002,4141.096037945699,1722.2265647001434,3419.3282770039614,1089.1919018909541,785.6334943817628,3321.046763628571,1934.02559400357,4066.0433905815266,793.9047219586398,0.0015291939341580208,889.7037680427472
0.75,20000.0,4999.999999999999,277699.8598261222,140687.27923097846,8.076364189199248,2.1314233237803917,1271.9598562196445,691.0057504140758,1337.3675035959336,6279.724811109796,10000.000095727612,6555.541307009083,873.8903092247555,3612.959493723989,1635.8107079459496,3292.771257482283,1072.4013202050223,678.4411843361257,2968.5680053373903,1816.3967457487167,3665.5139496462443,704.3919818274161,0.0013581165820283577,4516.906257611421
0.75,25000.0,0.0,306638.6005759395,143013.68855070014,7.975133366516577,4.18536779736609,1386.116611940687,697.0021683015814,1341.3583359490103,5737.320168945633,10000.000092628261,5314.127591636512,771.0781300619855,3992.200665606466,1546.962399996742,3123.7659813584655,956.941763822885,599.1827998547056,2532.267935819045,1661.1200330655333,3693.1275394131035,1095.718756434579,0.003108847919913665,7368.259739034331
0.8,0.0,19999.999999999996,150770.5272826101,139020.46354719673,9.014896097493978,1.9777078222426443,1.570821166610408e-5,3.826772365097489e-5,0.0002708556121311376,8456.294842863887,10000.000097432527,10000.000038250195,1059.015021302306,5147.711019636195,0.0006085469341447406,1266.1768107150394,1365.5117719425311,962.6049995043513,4013.896789465442,2264.4723351812886,4851.573930389335,982.4745739969084,2.665414397461631e-6,2.5502713051815102e-6
0.8,5000.0,14999.999999999996,182281.79713618252,137978.00436538644,8.279407714411049,2.033490338121278,533.8582860970241,287.9971223466857,3.921749169199495,7720.484866140285,10000.00009784739,9172.10788750363,923.3836129161965,4805.382898540975,1118.362877180769,1557.0529152527088,1317.6125755299308,906.550424011893,3790.676684053551,2178.474191428647,4604.951921305573,913.3066645888811,18.603241261388476,139.30255199428987
0.8,10000.0,9999.999999999995,213281.93592317562,137755.19659934816,8.235201752226203,2.0725761121434134,520.1877648559732,0.00010745310182825651,464.78382512870076,7930.9704145291025,10000.00009844516,8365.197170026124,865.0112853659081,4500.607021318314,1132.5794107997522,2530.100655336482,1255.3315388613273,853.0246201987238,3582.0331967491416,2096.6875709982887,4376.843330756216,858.9422271631308,22.320264971417025,556.6826127489871
0.8,15000.000000000002,4999.999999999994,243904.08037531338,137958.73036901723,8.197485872887459,2.1149615973574605,160.59798349578497,511.70444197409444,1513.7098015096085,7095.469681953945,10000.000097369182,7538.424386144663,889.0662532785522,3992.173400363299,1841.1501143663984,3598.2669489404047,1168.3974045042771,752.3485764912498,3262.6014353316095,1998.310576869716,4030.351545805417,777.9134086843208,0.0017575235553307555,854.5594205450992
0.85,0.0,15000.000000000002,147615.4772719575,137658.17746037972,9.016488226392488,2.0404017620423622,1.040228232911068e-5,2.4735670924396223e-5,0.00016615510411876677,8193.59688389452,10000.000098190876,9999.999978721355,1004.6995453680523,5054.602595395928,0.0002225223655596419,1063.9517527673056,1414.1720458145712,961.0932713473193,4002.2712080372503,2333.3507713023087,4880.9004134036695,967.512262363267,1.7065655406107817e-6,1.6323698424540233e-6
0.85,5000.0,10000.000000000002,178892.8215749225,137374.52011760062,8.284388347287823,2.070253773852179,574.5280957709343,0.0003767365304959281,3.921694139402909,7787.587565626336,10000.00009869073,9249.14128373458,923.0298175492547,4771.831870482441,999.258805419649,1486.0387685460082,1364.4244524106084,910.1300453407549,3804.1620957220725,2248.8122844941613,4656.4976153284015,914.2542286579173,0.0038125698402043944,79.75394298350382
0.85,10000.0,5000.000000000002,209715.73039138617,137542.29003827798,8.227929762257416,2.105097247255311,812.1530731067826,0.00019686171287623254,272.37558046027084,7896.8679305744035,10000.000098590262,8537.566130558496,908.772954829624,4377.174945267114,1012.1156537250881,2444.3849744914482,1264.359826719584,825.179452011654,3559.983795313302,2177.934002019718,4394.442948307192,850.992236470056,0.008050116201688343,499.85120792419673
0.85,15000.000000000002,0.0,239807.94597466636,137882.83502450658,8.173835746922384,4.210476798393639,0.00026923595913956675,240.5075218342547,1592.4869668964081,7332.173788785158,10000.00009747667,7302.910238849285,520.7927845336943,4420.351268568918,1951.5034133978902,3792.2807480280435,1246.589897307056,749.4118006316747,3111.0462611664107,2000.4779344016217,4000.169193684166,899.9419191311005,0.005852024807124713,796.898965969548
0.9,0.0,9999.999999999998,144199.59451593747,137214.54609209928,9.015176882230314,2.0706503033047325,6.1762199930818465e-6,1.4391462183599155e-5,9.207923577991443e-5,8064.658714647637,10000.000098883504,10000.000021901806,999.7738580296848,5008.80069783962,9.220708944474704e-5,969.6873019639869,1453.8102954832598,960.3292201813689,3998.274059695328,2388.466734979546,4907.705638605815,963.908401783722,9.77355611066669e-7,9.339691127402216e-7
0.9,5000.0,4999.999999999997,175344.17559927353,137170.610729711,8.284302529902837,2.0938226586038162,387.8258617120088,0.000957082041248394,11.511278147926909,7690.1683818703395,10000.000099399684,9362.67256900923,927.6327248412139,4731.856172979324,1097.997441231525,1459.986645034161,1363.4040099205074,912.1827036068586,3811.8490022084097,2308.8660177152624,4699.094543753102,914.5081604264102,0.0007570344698318468,19.939315227177982
0.95,0.0,5000.000000000005,140658.69530805745,137082.6019489156,9.01606194894623,2.0860446913174555,2.724856460530649e-6,6.2521135352231876e-6,3.8760644364563736e-5,8009.364732245512,10000.000099484161,10000.000077099156,1015.442104000157,4980.384662730418,3.2731351990449194e-5,893.5284508729397,1487.8849144553806,959.5729496875738,3995.5034717819735,2434.6415322794737,4930.492536688126,960.7937892095428,3.9831096697135333e-7,3.7932242011781596e-7
0.95,5000.0,4.163336342344337e-12,171532.15914480988,137134.2592263139,8.250922575962337,4.0297389663117515,30.33864529350088,158.24447263285862,8.954832465568288,7773.193955119666,10000.000099431425,9309.377264866964,793.9863358520992,4778.258515394616,1221.1670945186602,1619.0735750057881,1436.9433917932226,894.9012202188484,3723.1257377872103,2329.317211578662,4658.301059515487,930.9164716606072,0.011396459167310812,20.21452704112677
1.0,0.0,0.0,137058.87376420805,137058.87376420805,9.015568062991424,4.316375204259599,4.264728504044206e-7,1.0220022832761487e-6,6.3482655385411575e-6,7986.921057196437,10000.000099904304,10000.000096959877,1035.492892514988,4954.791971270762,4.8564503097817005e-6,831.2162087022208,1517.854708462854,958.6534002014438,3992.3183940554013,2474.3152350178125,4949.479466817992,957.9686895868127,3.368918808292473e-8,3.093002799847608e-8
